first_name,last_name,born,died
Katie,Pedlar,1978-12-22,1971-12-16
Adelaida,Castangia,1983-05-23,2005-10-30
Jeanna,Hesbrook,1943-01-16,2002-12-28
Zorina,Berkelay,1969-11-19,2016-01-26
Feodora,Dudlestone,1951-08-12,1993-06-30
Artair,O' Mullan,1975-09-05,1994-07-02
Stillmann,Furmonger,1974-01-05,1999-09-12
Osborn,Grishaev,1953-07-19,2004-11-25
Clari,Ruzek,1987-08-10,1982-04-23
Mylo,Perillo,1965-01-13,1973-11-22
Barty,Behagg,1987-02-06,1986-01-19
Dollie,Bacher,1952-12-05,1988-10-30
Ruthanne,Burgis,1958-02-16,2019-02-16
Idalia,Chazotte,1953-07-05,2000-03-25
Nicky,Gwatkins,1959-02-08,1981-01-10
Kelsey,Hallowes,1964-02-27,2012-09-23
Vinson,Fausch,1980-02-28,1983-01-16
Waverly,Gladdolph,1956-08-11,1981-10-06
Lise,Eagell,1964-11-05,2009-07-15
Marisa,Rheaume,1947-05-21,1990-08-06
Forrester,Rolls,1976-01-25,2004-09-27
Yorker,Truggian,1955-12-17,2001-04-20
Nealy,Wraight,1961-08-23,2011-12-15
Giffard,Lauchlan,1981-10-23,1973-04-19
Valeda,Darton,1967-05-03,1991-07-24
Whitby,Maddick,1986-01-27,1980-09-23
Ashia,Foot,1977-01-17,2011-09-11
Angelle,Swann,1965-07-29,2017-04-02
Jessamyn,Langstone,1949-02-16,1999-11-04
Devora,Feldharker,1948-10-22,1974-07-01
Madella,Prosh,1943-05-06,1973-08-30
Lanie,McVicar,1958-11-01,2011-03-10
Shanna,Cridlan,1952-09-30,2006-01-10
Jilly,Jackett,1982-10-13,2005-03-03
Maridel,Spence,1945-06-24,2015-06-08
Clark,Thewys,1946-02-18,2004-02-25
Tanny,Zanutti,1967-05-09,2017-05-18
Dennison,Dudney,1966-08-13,2015-03-21
Eadie,Gwyther,1957-10-16,1971-07-11
Row,Sare,1969-03-23,2017-09-12
Liam,Percy,1984-07-02,1977-01-03
Deane,Glascott,1946-10-08,1983-01-24
Franciskus,Chumley,1960-09-23,1999-05-22
Nanice,Guilloud,1971-10-09,2005-08-30
Dolly,Simants,1981-05-01,1989-01-04
Selia,Bogays,1976-10-02,1972-08-20
Emilee,Jerred,1986-05-06,1991-11-17
Sinclair,Andrys,1961-04-17,1976-03-24
Joleen,Ahrendsen,1955-09-12,1992-08-12
Torrie,Rossbrooke,1947-10-19,2013-01-24
Lotta,Baildon,1985-06-14,2002-06-11
Jasmin,Adamczewski,1989-07-09,2010-01-11
Silas,Hullbrook,1980-01-03,1986-02-22
Kendre,Habbes,1946-08-30,2019-10-03
Krista,Lube,1971-10-20,1984-02-13
Manolo,Tebbe,1966-08-31,2000-03-29
Honor,Janoch,1972-09-23,2019-01-19
Shepherd,Raffin,1973-05-05,1980-08-18
Alasteir,Borland,1990-04-14,1999-01-02
Miquela,Stapleford,1977-07-30,1998-12-31
Cart,Garvie,1957-04-16,1976-06-27
Alida,MacFaell,1963-12-11,1984-05-13
Melantha,Rentoll,1978-08-28,1981-09-15
Shay,Pearsall,1975-10-31,2014-04-05
Mandi,Connor,1959-06-14,2014-07-09
Noellyn,Morris,1971-01-27,1972-02-15
Caspar,Bambrough,1968-05-18,2002-07-24
Gray,Crossan,1974-04-23,2015-12-25
Elvira,Bickerdyke,1951-01-23,2012-10-10
Carlynn,Prowse,1967-05-24,1998-11-09
Misha,Scorton,1978-01-27,2006-01-09
Rodina,Tosh,1965-02-10,1973-10-06
Bradney,Sinderland,1977-12-08,2003-02-06
Constancy,Vere,1986-04-24,1999-11-07
Loria,Antyshev,1952-11-20,2012-08-27
Shaun,Langton,1981-10-21,1991-10-12
Katalin,Lorne,1970-10-24,2009-06-06
Tiffy,Pinwill,1963-06-12,1984-01-05
Emerson,Morstatt,1983-09-07,1983-04-16
Julianne,Chern,1966-03-19,2017-06-28
Cleo,McRuvie,1966-08-26,1975-03-29
Isabelle,Quelch,1956-07-16,1980-02-08
Skylar,Arnaez,1971-10-21,1974-01-20
Maura,Lawrenz,1955-11-22,1997-09-28
Lamont,Risbie,1950-06-03,1972-01-27
Loretta,Dallman,1968-06-06,1977-08-15
Jillene,Houchen,1983-02-17,1977-01-09
Roth,Strippling,1957-01-01,1981-02-16
Ingeborg,Whapham,1977-09-14,1998-08-15
Lorenzo,Sharpous,1984-11-21,1984-09-02
Lewiss,Fogden,1975-07-26,2012-11-20
Dacy,Fomichyov,1977-08-16,1973-03-21
Meredithe,Whaplington,1985-02-13,2019-04-27
Kristo,Desorts,1970-03-06,1984-04-07
Janine,Rubra,1978-02-23,1977-11-27
Zsa zsa,Caudwell,1944-04-08,1990-01-27
Kelvin,Averall,1978-11-13,1975-05-31
Garrick,Riddel,1956-08-05,1989-11-30
Thor,Fellows,1978-02-17,1987-02-14
Fredrick,Southers,1961-08-03,2002-09-09
Gayelord,McOnie,1985-01-13,1999-12-09
Allie,McCullouch,1973-11-02,1988-09-27
Moore,Fannon,1967-04-02,1971-01-08
Tatiana,Lambie,1975-10-29,1984-11-09
Gherardo,Stowte,1972-09-28,1992-06-23
Melicent,Ouldcott,1971-09-30,2018-01-23
Meryl,Freeland,1981-07-08,1976-10-13
Yuri,Mulgrew,1972-08-21,1974-10-26
Al,Moroney,1953-08-28,2004-06-23
Lind,Linnane,1982-03-31,1985-01-04
Elna,Ida,1972-06-24,1981-10-18
Rocky,Tidbury,1960-07-15,2014-08-16
Paxon,Gertz,1969-11-13,1981-12-11
Glory,Yacobsohn,1978-01-23,1988-09-06
Steven,Buyers,1954-02-22,1972-06-29
Vite,Bewsy,1952-08-12,2006-07-10
Collin,Zolini,1950-08-08,1994-11-27
Read,Theriot,1941-01-03,2004-10-14
Emlynne,Amaya,1954-02-07,1994-05-08
Barton,Harryman,1979-07-28,1988-04-08
Bennie,Grisewood,1949-04-02,2008-12-19
Glory,Suddick,1960-05-06,2004-12-06
Leia,O Sullivan,1958-12-01,1990-12-03
Arne,Ring,1961-10-01,1979-02-18
Lois,Rowesby,1944-07-02,1979-11-09
Anjanette,Croot,1959-08-22,1973-11-03
Eugenius,Duester,1946-12-03,2003-03-06
Denny,Hellewell,1962-12-04,2011-05-15
Kingsly,Ashbrook,1982-01-18,2003-01-20
Stanleigh,Zellmer,1945-03-26,1978-05-09
Alexandra,Synke,1983-12-17,1983-03-01
Ashlin,Heinert,1968-02-17,1978-09-05
Celinka,Handmore,1948-12-05,1991-08-08
Glenn,Cobbin,1968-07-23,1991-02-23
Iosep,Raoul,1969-11-21,1996-07-21
Merry,Muffin,1972-05-01,1979-08-03
Beret,Bussons,1968-08-02,2001-11-10
Kliment,Ivasyushkin,1978-02-07,1993-02-15
Berget,Trythall,1977-10-26,1991-06-18
Kirstyn,Tight,1977-07-06,2016-07-11
Melvin,Macey,1977-04-27,1982-07-03
Glenden,Imlacke,1963-11-11,1975-10-09
Wittie,Merchant,1990-07-26,1996-03-14
Baxy,Bachura,1989-04-03,2007-02-13
Lizabeth,MacSween,1959-03-22,1997-07-08
Delly,Hinstock,1982-09-15,1998-11-03
Atalanta,Thelwll,1989-07-02,2011-05-27
Lonnie,Mangon,1989-08-23,2005-07-08
Free,MacKaile,1978-09-23,2000-03-31
Vanna,Sylvaine,1990-05-22,2010-03-07
Tommy,Natalie,1963-09-21,2002-07-15
Elysha,Hoyes,1980-09-12,2002-04-24
Malanie,Di Bartolomeo,1944-04-06,1975-01-09
Pat,Lowell,1980-12-18,2016-11-09
Benetta,Rameaux,1946-01-20,1971-04-29
Morena,Garshore,1984-10-30,1972-11-01
Betsy,Pickett,1986-12-16,2009-02-21
Isis,Dykins,1974-01-10,2016-12-17
Marven,Brett,1961-05-06,1988-06-07
Rochelle,Govett,1971-07-18,1970-12-09
Georgianna,Barwood,1974-10-16,1979-05-01
Amos,Steenson,1963-07-08,2007-04-27
Sutton,Roscamps,1953-11-23,2003-10-26
Ketty,Laxson,1963-12-26,1976-10-16
Prissie,Corkitt,1975-05-29,1980-02-12
Erl,McSporrin,1955-10-04,1992-12-07
Gussy,Bartlomieczak,1951-05-28,2018-09-09
Gregoire,Natt,1970-05-14,2018-07-10
Evyn,Fetherston,1945-11-26,2006-06-28
Free,Hurdle,1985-11-16,1971-10-01
Issie,Brehat,1983-09-11,1993-08-17
Farlie,Claybourne,1960-12-24,1997-04-19
Mei,Mackinder,1958-07-01,1987-04-13
Stefa,Shiers,1952-06-26,2003-04-04
Aurelie,O'Heffernan,1981-09-01,2015-05-31
Rorie,Moughtin,1978-10-18,1979-04-25
Brittan,Loft,1956-03-22,1979-08-02
Ronnie,Sacchetti,1960-04-22,1981-09-01
Bartolemo,Pengelly,1969-07-10,1986-12-04
Roselin,Hallihan,1978-04-25,1986-06-25
Olly,Weathey,1980-11-11,1981-06-14
Lilia,Capp,1942-02-11,2002-02-22
Lesly,McAllester,1957-05-08,2014-07-27
Orren,Muckle,1977-05-22,1972-08-29
Reuven,Rieflin,1963-07-11,2001-10-26
Nady,Battaille,1943-02-03,1998-04-16
Ware,Seery,1956-01-13,1998-01-03
Steffane,Bread,1953-11-13,1976-06-25
Reese,Carrett,1951-11-30,1992-02-26
Kurt,Blucher,1964-03-11,2003-04-02
Benetta,Divina,1986-05-13,2001-06-16
Clayborne,Tweddle,1967-03-28,2002-04-22
Farrand,Goward,1957-02-11,2002-07-19
Ronnie,Mattimoe,1969-12-23,1980-05-29
Genovera,Antognoni,1957-08-16,1986-03-09
Billy,Simioni,1965-10-15,1994-10-21
Barbee,Trunkfield,1958-04-19,1979-06-06
Mabel,Fassmann,1962-09-11,2019-01-07
Jeffrey,Canny,1961-02-16,2016-04-02
Dorise,Hendrickx,1990-06-01,2001-06-26
Jodie,Budge,1956-02-21,1974-01-09
Obadias,Slight,1972-11-30,2000-11-16
Olive,Rawles,1948-06-04,1993-09-27
Simona,Warfield,1961-05-16,2008-01-07
Tobe,Cranstoun,1962-05-26,1973-03-02
Nickolas,Cokely,1957-05-24,2007-01-31
Neala,Cornner,1968-10-02,1985-07-25
Stephine,Jurasek,1976-11-01,1996-10-18
Kassey,Luebbert,1958-05-15,1971-01-24
Timofei,Gimeno,1983-11-23,1992-09-21
Sheelagh,Philp,1962-11-30,2011-11-03
Flossie,Lope,1962-08-23,1980-06-23
Aldo,Ramsell,1974-04-30,2012-09-07
Stuart,Pochon,1975-12-21,2018-01-12
Ody,Basezzi,1961-10-22,1976-12-21
Alexio,Bruckental,1940-12-14,2001-02-28
Barb,Winmill,1982-10-06,1975-03-11
Natale,Stonuary,1972-05-24,1984-11-10
Blaire,Bannard,1963-02-09,2007-09-12
Arty,Duddy,1963-09-03,1999-06-22
Staffard,Duckham,1970-07-19,1996-01-31
Selena,Hall,1943-09-20,1971-02-20
Tessy,Eyckelbeck,1982-07-18,1972-03-20
Neila,Lishman,1941-12-26,2001-12-16
Deana,Abbotson,1985-06-11,2005-06-16
Idalina,Gerhold,1984-02-13,1989-05-30
Abbot,Blucher,1952-04-10,2013-12-15
Othilia,McColm,1958-06-26,1975-09-25
Anabel,Marcham,1956-09-22,1991-01-22
Devinne,Perrott,1987-05-17,1973-07-11
Sara-ann,Setterthwait,1944-12-04,1974-06-08
Lenette,Gallyon,1983-04-09,1971-02-10
Pancho,Pelling,1983-05-20,1983-07-30
Catlaina,Corson,1970-09-27,2002-07-14
Sandie,Whitney,1989-04-19,1982-12-05
Katee,Watton,1988-11-27,2000-12-13
Brantley,Selman,1986-11-07,1975-02-25
Dennie,Frammingham,1958-08-30,1998-07-22
Corabelle,Reynold,1955-12-17,2015-07-05
Effie,Wrey,1967-09-08,2016-06-30
Emmeline,De Biaggi,1953-06-09,2000-08-20
Jobina,Grinikhin,1964-12-28,1992-03-24
Finn,Dunseath,1958-11-10,2000-04-22
Jamie,Drable,1944-07-16,1986-02-24
Gaby,Perett,1987-12-30,1989-07-08
Clary,Padgett,1944-04-29,2015-04-14
Michaela,Balazin,1964-05-29,1991-07-25
Joshia,Daulby,1972-05-15,2010-12-19
Craig,Taffie,1963-05-06,1989-01-28
Renaud,Malthouse,1980-09-14,1999-05-21
Sargent,Breawood,1986-11-02,1988-12-01
Twila,Manicomb,1984-03-18,1988-08-08
Armstrong,Kinney,1975-06-08,1983-07-06
Tresa,Dowthwaite,1963-12-28,2013-09-01
Al,Tinsley,1966-02-03,2016-03-10
Bentlee,Halesworth,1979-06-29,2013-06-28
Honoria,Kennet,1989-06-18,2012-12-10
Cathie,Godbolt,1984-11-30,1990-11-05
Krysta,Goldson,1972-08-11,1979-05-23
Yoko,Spinney,1949-11-16,1982-02-22
Eda,Elmhirst,1979-04-15,1974-05-31
Sebastien,Huckfield,1990-04-30,1970-11-22
Mikkel,Patriskson,1956-10-15,1985-09-15
Ida,Kunath,1958-10-16,2003-03-30
Patty,Macquire,1954-01-17,2005-04-10
Teddy,Olsson,1979-06-21,1976-01-02
Barbaraanne,Coy,1952-01-06,1978-10-30
Jorgan,Knifton,1962-02-08,2005-03-13
Clarie,Rackam,1981-06-21,1989-01-07
Cairistiona,Anyon,1984-06-01,1976-11-16
Benni,Lillee,1966-10-14,1976-07-13
Selle,Purdon,1958-03-03,2004-03-07
Mendie,Woloschinski,1952-04-20,2003-06-30
Llywellyn,Jankin,1980-11-09,2004-10-11
Gayle,Brosi,1956-08-10,1971-02-08
Josephine,Larsen,1945-06-14,1990-11-18
Thorndike,Kitto,1964-12-20,1987-01-14
Mahmud,Garment,1975-06-13,1984-11-12
Rafaello,Marrable,1985-03-30,1972-10-07
Annalee,Burtonshaw,1965-04-25,1999-09-01
Wilfrid,Meltetal,1954-04-30,1971-07-07
Kaitlynn,Stygall,1955-04-03,2019-02-01
Maxim,Souster,1974-04-01,2002-04-22
Faun,Hitcham,1965-08-06,1987-11-15
Moreen,Pierce,1950-11-12,2008-02-17
Anthia,Matschke,1951-11-10,1972-06-12
Edy,Fosten,1967-06-18,2008-05-28
Libbey,Pearsey,1976-10-14,2019-04-28
Courtney,Chasmor,1986-10-05,1987-11-08
Devon,Ucchino,1983-01-28,2003-10-08
Andris,Hartlebury,1973-10-03,1997-10-10
Pepillo,Baden,1952-10-09,2001-03-19
Kriste,Demangeon,1985-02-01,1972-08-12
Perrine,Knuckles,1969-01-22,1994-04-20
Hatti,De Blasi,1944-07-21,2017-11-02
Karina,Trawin,1978-06-15,2002-11-19
Augustina,MacCorkell,1948-02-23,1995-12-03
Rozalin,Robbel,1948-07-21,1986-11-18
Fee,Trenear,1989-01-02,1974-09-03
Ambrose,Botly,1982-08-19,2007-10-04
Illa,Kareman,1962-08-21,2002-07-02
Wallis,Hanway,1951-11-18,1995-04-07
Corry,Stummeyer,1978-09-21,2003-10-09
Nicolle,Shardlow,1958-01-07,2013-05-26
Nikola,Ubee,1962-09-24,1982-01-24
Cristabel,McKniely,1980-01-15,2013-02-21
Elka,Keady,1983-07-21,1996-07-17
Murielle,Headrick,1944-09-05,2004-01-15
Binni,Sterley,1974-05-28,2010-12-05
Randy,Munt,1964-06-10,1972-11-30
Gilbertine,Weymont,1965-07-30,1970-12-09
Mommy,Ayto,1958-04-24,1994-02-03
Ban,Milne,1979-09-06,1971-05-27
Jdavie,Olenichev,1980-01-01,1980-03-07
Lulita,Tivnan,1981-01-10,1990-07-21
Ariana,Bramer,1952-10-07,1971-08-11
Madlin,Klaas,1950-01-17,2015-10-06
Averyl,Sissot,1971-03-07,1991-09-21
Brynna,Tieman,1981-04-27,2000-08-31
Moselle,Wornham,1947-02-11,1980-11-11
Tedman,Rive,1965-05-05,2005-06-12
Vidovic,Checcucci,1989-08-27,1973-04-22
Waldon,Breheny,1966-08-14,1984-02-14
Meggi,Ruusa,1970-02-09,1999-05-13
Dillie,Banisch,1947-04-09,1993-08-23
Aldrich,Burdikin,1968-06-13,1988-03-05
Hannie,Colquete,1989-12-28,2004-04-23
Antonius,McCarlich,1967-06-14,2003-09-19
Debee,Warren,1964-04-06,1974-07-21
Jessie,MacCaffrey,1986-03-22,2009-02-17
Davon,Defrain,1942-08-26,1977-07-28
Hana,Redfield,1988-02-03,2001-08-04
Gabriella,MacCarlich,1957-08-19,1992-08-02
Thorny,Scorah,1972-09-06,1991-01-23
Padraig,Bathow,1957-07-23,1994-01-07
Jim,McGeffen,1975-09-17,1995-03-17
Sascha,Burtonwood,1956-07-22,1998-06-01
Worthington,Barlee,1975-01-22,2002-09-24
Felix,Isakovitch,1946-03-22,1972-05-10
Wilbur,Douch,1941-09-12,2001-04-12
Carlin,Rizzetti,1968-10-11,2011-11-02
Sammy,Villaret,1959-09-23,1984-03-18
Madeleine,Cabell,1979-09-06,1976-12-25
Evy,Sexton,1951-03-18,2000-07-06
Alvan,Juppe,1970-06-20,2001-07-25
Arlina,Stebbings,1950-01-08,2006-10-13
Lindy,Langworthy,1976-01-02,1970-12-30
Olenolin,Gehrts,1963-06-19,1990-02-05
Gianna,Beamish,1946-06-12,2005-06-06
Sarene,Sherland,1953-12-02,2011-12-15
Allie,Koomar,1963-03-28,1996-10-17
Marybeth,Quipp,1967-06-11,2008-06-20
Arabele,Crambie,1954-08-27,1990-11-24
Cherilyn,Jansky,1954-05-19,1991-07-12
Siegfried,Suter,1941-09-01,1994-10-25
Billy,Pharaoh,1954-03-14,2019-08-14
Kassey,Tuftin,1976-01-05,2014-01-15
Maitilde,Arton,1970-01-08,1998-01-02
Liv,Bartoszek,1990-05-24,1975-10-18
Luisa,Ludmann,1979-07-03,2008-06-10
Jojo,Carik,1960-08-14,1972-07-05
Merrielle,Fishleigh,1977-04-16,2009-02-27
Alyse,Reynard,1986-05-03,2018-10-06
Mahala,Housby,1942-07-01,1997-06-04
Teresita,Hirthe,1955-10-29,2008-08-16
Scott,Sporrij,1946-08-08,1972-02-10
Rici,Brambell,1952-11-07,1994-03-12
Kati,Ballister,1955-08-15,1984-04-30
Gonzalo,Dyble,1963-08-28,2019-08-22
Riordan,Banke,1961-07-17,1975-08-06
Dwight,Heppner,1943-08-01,1991-06-06
Elia,Westwater,1955-03-15,1977-03-19
Zena,Rosekilly,1956-07-26,1998-05-20
Jenica,Scandwright,1952-01-06,1993-11-03
Edmon,Aleksandrov,1968-02-23,2003-10-04
Lolita,Frapwell,1968-06-04,2010-08-27
Brannon,Ternott,1987-10-19,2001-03-21
Valeria,Cosslett,1971-07-08,1976-08-15
Ole,Iacivelli,1975-08-16,1979-12-01
Jordanna,Cottis,1945-07-06,2013-12-21
Levin,Gonsalo,1980-05-04,1992-08-03
Taddeo,Merriment,1964-09-07,1985-08-19
Nettie,Cunnane,1974-09-30,2008-08-26
Trescha,Dohrmann,1970-05-25,1998-08-25
Ashlie,Rosingdall,1955-08-21,1999-02-07
Abbye,Domleo,1980-06-16,1974-02-04
Raine,McCarle,1990-08-17,1990-08-18
Dreddy,Fardy,1972-05-08,1986-09-04
Dasya,Channer,1973-08-30,2012-07-24
Danni,Applin,1981-09-12,1991-04-15
Shina,Coulthard,1949-04-03,1986-01-01
Eduard,Gellion,1958-06-13,1984-06-10
Magdaia,Castelletto,1957-02-02,1997-07-29
Ines,Orbine,1965-09-09,2004-09-19
Grissel,Marfield,1948-10-28,2001-01-04
Yorker,Emer,1969-11-21,2008-04-14
Kristian,Kipping,1941-04-18,1976-10-14
Horatio,Hazleton,1957-12-28,2008-08-07
Rae,Danelut,1984-01-08,2016-10-20
Lilas,Shearsby,1988-12-30,2009-04-01
Seymour,Kochel,1966-04-14,1983-11-28
Nefen,Geard,1964-04-21,1993-07-27
Darya,Spileman,1984-04-02,1980-05-10
Mariellen,Seaborne,1962-03-03,1994-03-03
Devonna,Vidgeon,1964-03-09,2010-05-15
Leoine,Pascow,1959-02-10,1992-09-30
Robbi,Bruntje,1983-11-19,1987-11-03
Barrie,Pagan,1987-12-31,2015-02-12
Clement,Berford,1990-05-13,1979-01-02
Nikola,Langfield,1971-08-29,1999-05-25
Yalonda,Keating,1973-11-30,1977-06-20
Crysta,Reason,1962-02-09,1989-07-09
Isadora,Stonuary,1974-07-15,1979-03-30
Brigitte,London,1988-08-29,2012-08-08
Fritz,Asaaf,1977-02-08,2004-08-12
Ingeberg,Budd,1957-01-16,1973-07-08
Merrel,Danielsky,1981-01-27,1983-09-06
Vernice,Michin,1950-07-15,2002-08-14
Dale,Livens,1944-12-22,2003-01-03
Shoshana,Telega,1961-04-25,1988-12-19
Farrell,Klossmann,1979-02-23,2007-04-09
Francklin,Wennington,1967-05-19,2007-05-30
Alisa,Glackin,1941-10-17,1991-03-17
Bunny,Lording,1988-06-17,2013-08-22
Jillana,Pimley,1952-05-07,2017-07-14
Dick,Learmount,1955-09-25,2013-08-18
Carly,Kemmey,1974-12-21,1995-09-14
Mari,Iorizzo,1976-09-02,2004-06-14
Rheba,Lecointe,1963-01-01,2007-11-06
Magdalene,Haylett,1944-09-06,2004-04-08
Grace,Dundridge,1982-10-10,1996-09-19
Jinny,Gheorghe,1943-01-18,2007-08-24
Devinne,Ryman,1965-02-18,1985-11-16
Griswold,Castelyn,1970-11-10,1999-03-15
Gib,Empringham,1985-08-09,1991-01-17
Brunhilde,Heggison,1950-03-05,2004-02-01
Silvester,Wadsworth,1962-07-12,2014-09-08
Blancha,Ewles,1974-11-16,1999-03-20
Ariel,Partkya,1950-12-17,1997-12-04
Brinna,Vella,1966-08-29,1971-12-14
Teriann,Vaughan-Hughes,1976-06-18,1992-06-03
Berte,Jellyman,1970-09-08,1987-07-01
Janaye,Challenor,1965-04-11,2017-04-03
Carri,Oag,1955-03-06,2007-10-21
Layney,Fazackerley,1989-03-15,1972-11-04
Mufi,Faux,1983-01-21,1999-04-23
Bret,MacChaell,1981-02-10,2012-08-01
Daisie,Risman,1958-01-23,1976-02-12
Honey,Lethardy,1962-01-29,2010-11-25
Shena,Setterfield,1953-05-29,1976-04-09
Marlena,Scading,1955-03-12,2019-03-13
Evaleen,Aslam,1986-04-23,1979-05-10
Carlita,Matula,1980-09-29,1991-05-12
Shauna,Dawley,1969-11-09,1996-10-26
Andee,Galer,1964-10-10,1992-01-30
Sherm,Sweedy,1953-09-01,2000-05-30
Hyman,Kenaway,1951-11-11,1979-10-15
Edvard,Shelmardine,1986-07-25,2019-03-15
Irving,Flippini,1970-12-31,1990-10-14
Nickie,Oxe,1986-10-24,2015-03-17
Tildie,Raine,1982-04-13,2004-01-27
Edy,McTavish,1947-02-20,2004-02-15
Vivia,Cruden,1943-11-17,2004-10-02
Dehlia,Churchin,1979-07-18,2005-08-03
Thorpe,Kingaby,1986-08-10,1998-08-08
Kath,Wattam,1988-02-01,1978-11-19
Ruperta,Hayworth,1948-01-25,2000-08-07
Archer,Lanning,1957-12-14,1980-11-08
Bria,Marlin,1976-10-28,1982-11-21
Francisca,Neenan,1980-06-10,1993-01-31
Modestine,Schuler,1970-11-02,1975-04-24
Donna,Staff,1977-04-19,2006-07-25
Cristy,Yuryaev,1986-04-02,2009-02-06
Carroll,Palfreman,1960-08-21,1978-05-03
Gaven,Rockey,1945-09-08,2011-11-26
Aurelia,Gourlay,1987-07-28,1990-01-22
Thornton,Lantaph,1964-04-23,2005-09-17
Anett,Drakers,1973-09-11,2008-03-04
Jess,Stanfield,1951-10-02,1998-11-27
Zena,Clapston,1964-12-03,1978-07-16
Gonzalo,Cullinan,1965-08-18,1974-03-17
Hildegarde,Enevoldsen,1980-08-20,1999-09-07
Jaime,Zorzini,1982-11-12,2006-03-24
Donnell,Cottee,1983-12-06,2003-01-11
Shermie,Lowth,1981-02-09,2010-05-25
Frederico,Kick,1975-01-04,1983-09-09
Jdavie,Mochan,1951-03-08,1994-03-11
Lev,Barca,1985-03-22,1999-04-15
Onfroi,Gerard,1960-08-20,2018-05-24
Aaren,Weldon,1983-07-14,2012-06-22
Lock,Bullent,1961-02-17,2001-03-11
Lemmie,Thying,1940-12-15,1981-09-25
Emelda,Dibbin,1948-03-17,2004-05-28
Keene,Pettwood,1976-05-26,1985-02-21
Malissia,Durtnel,1975-03-25,1992-06-23
Avie,Garham,1946-08-16,1981-03-01
Adolf,Chewter,1959-06-27,1971-03-14
Mattie,Hugonin,1983-08-28,1987-03-20
Junia,Kilminster,1989-01-31,2004-09-06
Eliza,Dorking,1943-10-01,2002-11-04
Gunilla,Thomlinson,1981-09-28,2009-02-17
Winni,Dodwell,1990-07-05,1971-02-03
Daisi,Stopforth,1941-08-09,1986-06-10
Brenn,Mulvaney,1946-09-05,2013-05-27
Laraine,Jacke,1974-11-04,2016-07-13
Giavani,Candlin,1982-08-19,2002-12-08
Raymund,Storey,1967-05-19,2017-03-07
Annalise,Trewinnard,1945-11-30,1986-03-11
Guillaume,Horsfield,1949-11-11,2017-05-01
Galina,Duchan,1953-03-09,1975-05-30
Leora,Goldberg,1957-01-31,2007-08-02
Louis,Souster,1941-04-23,1993-01-07
Kellen,Petre,1983-04-22,2003-11-27
Emmye,Riatt,1990-11-04,1984-04-05
Francis,Philo,1968-11-27,2006-08-26
Jobye,Ades,1978-12-19,2018-12-13
Wood,Gravy,1947-09-18,1982-06-09
Shena,Scandred,1982-12-15,1981-01-27
Lydon,Unstead,1984-09-13,1984-10-08
Gareth,Bilston,1982-07-08,1990-02-28
Shaughn,Lawly,1952-01-23,2007-09-10
Phillie,Henricsson,1950-11-28,2000-03-15
Susy,Dunks,1960-01-18,1977-12-08
Camille,Tregust,1976-11-13,1998-03-14
Gardiner,Slamaker,1946-08-05,1994-08-29
Nikolos,Brockington,1966-04-14,2014-04-06
Serena,Leftly,1970-03-21,2014-01-14
Alecia,Snooks,1952-09-02,2007-12-10
Michael,Weafer,1982-03-04,2008-07-13
Karita,Trimnell,1948-08-29,1982-12-03
Kennedy,Kellar,1960-02-16,2006-03-27
Loralyn,Belmont,1948-07-22,1998-09-24
Quint,Kiggel,1954-06-19,1997-06-01
Jackie,Vowell,1986-10-06,1989-06-03
Maxie,Hacking,1985-12-05,1989-11-05
Pammi,Barbery,1973-09-01,2019-08-10
Connor,Caesman,1947-12-30,1982-07-23
Lyn,MacAree,1941-12-05,2009-11-04
Elmore,Goaks,1945-09-03,1985-09-23
Camile,Edensor,1971-03-19,1999-08-28
Kev,Youngman,1970-10-01,2000-07-08
Angie,Pexton,1949-04-25,2012-04-27
Eustace,Circuitt,1960-02-24,1971-08-09
Joli,Cuddihy,1988-07-13,1988-11-01
Eugenie,Colwill,1962-03-01,1981-05-29
Cos,Franek,1944-07-30,1999-11-15
Cory,Shanahan,1986-06-05,1991-12-16
Mandi,Woodberry,1980-08-22,1981-12-10
Cassaundra,Barrim,1973-10-26,2015-05-19
Madelyn,Killich,1968-05-20,2009-04-01
Royal,Bonnor,1944-06-06,2019-04-23
Maxy,Cicerone,1986-02-10,1998-12-31
Calv,Brigginshaw,1973-09-21,2013-06-24
Chrystel,Maddicks,1955-06-22,1970-12-17
Lisabeth,Skoughman,1944-06-27,2014-04-16
Andrej,Fitch,1968-04-09,2017-11-27
Guillema,Joselevitch,1946-08-01,1995-09-04
Cyndie,Hakey,1981-02-15,2000-08-10
Hashim,Duinbleton,1962-08-15,1981-02-01
Dani,Townby,1949-09-24,1999-01-14
Nicolis,Simper,1958-05-06,2017-02-10
Yuri,Whorf,1949-05-12,1976-07-13
Levi,Dobbie,1944-07-24,1993-01-21
Silas,Bilbee,1982-05-09,1987-02-01
Agnesse,Pechacek,1957-07-31,2009-01-17
Aura,Duferie,1986-07-09,1976-04-14
Amelina,Stiell,1960-04-05,2019-04-07
Angelo,Cozzi,1962-08-02,2009-06-24
Edwina,Wales,1971-09-20,1983-09-07
Clemmy,Kubas,1983-12-12,2010-12-25
Barby,Waples,1969-10-24,1971-11-29
Mattie,Seathwright,1969-01-21,1991-09-30
Kyrstin,Ivett,1972-10-25,1987-12-18
Reeba,Brimson,1983-12-02,2007-01-27
Elinore,Stansell,1977-04-04,1987-06-25
Lula,Conen,1990-08-11,1976-09-08
Imojean,Gimenez,1965-07-24,1980-02-27
Angela,Tante,1984-01-12,1984-01-05
Garvy,Gregh,1969-02-03,1978-03-17
Mickie,Conroy,1949-09-09,1977-07-26
Martita,Boyse,1980-12-03,2019-07-26
Aldridge,Boik,1988-11-02,1977-05-21
Chad,Atcheson,1966-03-10,1982-09-16
Joceline,Bearn,1950-06-04,2007-06-06
Lawton,Gianilli,1950-11-28,2000-01-09
Devlen,Balden,1980-07-12,1997-06-17
Guilbert,Fulle,1974-06-12,1979-02-28
Herculie,Tofpik,1963-03-22,2006-08-21
Gustav,Whittek,1967-07-01,1982-07-12
Kelcie,Deakes,1964-08-09,1983-01-30
Hermann,Jaan,1977-05-05,2002-06-10
Odo,Elam,1965-07-11,1994-06-18
Enid,Rosenboim,1974-03-09,2008-07-16
Tedda,Warratt,1949-07-16,1980-10-15
Blinni,O'Gleasane,1949-12-15,2011-09-06
Correy,Gavaghan,1969-03-28,2001-05-06
Trula,Lober,1986-10-25,1995-09-04
Ambrosi,Dudson,1957-12-10,1992-10-11
Annissa,Blythe,1944-06-13,1996-11-13
Murdoch,Denzey,1978-02-06,1978-08-31
Shauna,Biswell,1968-11-22,1984-11-17
Allix,Bennen,1986-05-03,1984-11-29
Wendall,Pavett,1946-01-13,2013-02-19
Mayer,Gotcliffe,1952-11-16,1978-12-10
Gage,De Vries,1953-08-31,1982-07-18
Niel,Pedron,1950-05-10,2010-03-09
Colby,Loding,1984-05-17,1974-05-26
Karoly,Flowitt,1981-12-11,1990-03-15
Alfonso,Pavel,1965-12-19,2008-06-17
Elle,Atyea,1952-01-30,2000-08-20
Harriot,Razoux,1977-07-24,2009-04-13
Karmen,Cobello,1944-04-04,1986-12-20
Bernadina,Colombier,1981-07-10,1977-01-03
Carter,Kingscote,1971-02-19,2010-11-30
Mickie,Thorburn,1959-01-05,1972-04-11
Aurthur,Bertl,1987-01-29,1992-09-16
Margy,Polack,1979-07-03,2002-06-04
Stearne,Cossons,1990-02-18,2003-09-26
Jake,Cowwell,1950-12-16,1978-06-05
Shani,Floyed,1990-11-02,1975-10-05
Janene,Logg,1957-06-25,1974-05-18
Melodee,Vasyutichev,1964-12-13,1984-12-05
Kaylyn,Delicate,1982-06-10,1972-09-03
Arv,MacMorland,1949-06-06,1999-11-24
Marge,Jankovsky,1974-11-06,1978-06-20
Zaccaria,Mitkcov,1964-04-07,1993-12-06
Mathilda,Leyborne,1980-01-15,1995-09-15
Cristy,Beagan,1961-03-13,1976-01-18
Faythe,Predohl,1980-10-09,1975-06-08
Lynne,Dinis,1978-09-21,1976-08-10
Sylvester,Dossantos,1960-09-27,2015-11-12
Elnore,Ashbee,1943-11-29,1977-05-05
Bearnard,Dunkerk,1967-06-05,2018-12-04
Joy,Farrance,1967-11-27,1986-07-08
Melloney,Geggus,1950-02-01,2007-02-09
Kerk,Gresham,1989-12-25,2000-07-20
Joya,Redferne,1959-10-21,1981-06-27
Tatiania,Thormwell,1967-10-09,1971-04-29
Maurizio,Matchell,1982-11-01,1983-09-07
Magda,Mabbott,1953-02-24,2010-10-17
Edgard,Sankey,1953-10-09,1995-05-11
Dulcea,Rait,1959-06-17,1996-11-19
Joaquin,Gibbonson,1984-12-27,2017-04-10
Curry,Arcase,1940-12-21,2005-01-30
Aggy,Blasius,1940-12-14,1996-10-31
Pembroke,Childs,1983-12-26,2008-07-15
Quintilla,Venning,1948-04-21,2008-08-26
Orlan,Sineath,1970-11-15,1990-03-08
Elane,Paulusch,1971-07-11,1997-06-12
Trix,Eringey,1960-10-05,1998-02-23
Lonny,Abelovitz,1955-05-16,2009-01-03
Lotta,Fibben,1985-05-12,2008-03-24
Sindee,Getch,1948-06-30,1981-05-14
Spike,Tilne,1988-11-18,1990-10-21
Paola,Frisby,1944-11-16,1987-11-29
Irving,Haggata,1950-09-07,1983-11-03
Gusti,Ferrier,1948-10-11,1972-10-20
Lexine,Vesco,1985-12-05,2007-08-19
Muffin,Bagniuk,1982-04-26,1999-09-05
Cary,Lishman,1987-05-31,2003-03-09
Wallace,Challener,1967-12-01,2010-02-01
Jeannette,Westfield,1941-10-04,2016-09-29
Jolyn,Cases,1982-12-17,1983-03-23
Caren,Gregersen,1949-05-27,1994-11-09
Nora,Byatt,1969-12-07,2001-10-25
Melonie,Taber,1987-07-14,2015-10-02
Veriee,Mulhill,1954-03-31,1998-03-13
Mersey,Gillice,1975-02-25,1993-03-22
Josy,Reach,1952-12-06,1990-10-04
Sylvia,Fleischer,1977-05-05,2008-08-06
Celestia,Norman,1970-05-31,1985-07-15
Cherilynn,Eivers,1984-02-04,2004-12-05
Gardiner,Bleiman,1981-12-01,2000-02-08
Ebenezer,Bent,1945-09-04,2003-09-27
Arty,Franceschelli,1985-02-26,1983-05-16
Babbie,Redler,1975-01-18,1971-01-02
Kizzee,Allen,1966-01-05,1991-10-08
Llewellyn,Rubinovici,1947-10-31,1985-08-06
Kyle,Toms,1974-11-23,2011-05-24
Fawne,Geany,1959-09-12,2002-07-20
Eleanor,Lucks,1944-02-18,1976-11-22
Carmine,Boxe,1970-06-18,2010-12-10
Daryl,Granleese,1990-10-03,1985-03-11
Ruy,Shaddock,1975-06-16,1983-01-22
Gustavo,Andrzejowski,1956-05-19,1983-11-14
Sanson,Boatwright,1948-06-24,2019-07-29
Phaidra,Wallsam,1944-04-30,2011-12-31
Marsha,Douch,1964-08-23,1992-08-12
Candra,Kroin,1979-05-30,1971-02-17
Harp,Pretsell,1968-04-14,1971-04-06
Berton,Whinray,1984-01-17,1971-04-18
Barron,Spridgeon,1974-08-15,2014-08-04
Christy,O'Scandall,1982-08-06,2002-02-11
Krystle,Ferrotti,1965-12-01,1984-12-29
Zuzana,Thiolier,1988-06-30,1973-10-20
Elston,Ramplee,1985-09-13,2019-01-04
Pippa,Halt,1961-04-15,2007-12-01
Paulie,Noice,1970-04-03,1995-05-06
Madalena,Ayris,1970-01-31,1999-12-02
Rurik,Fleetham,1949-04-04,2013-10-09
Ephrayim,Yurenev,1973-05-08,1989-08-10
Janeva,L' Anglois,1962-05-28,1997-02-05
Art,Rubrow,1963-01-05,2001-03-05
Crista,Shallo,1953-08-18,2016-04-02
Tessie,Pegram,1982-06-16,1992-08-24
Toby,Carwithan,1954-10-15,2004-10-11
August,Wollacott,1951-10-27,1978-01-14
Arabelle,Rowes,1979-09-14,1974-07-23
Shanan,Compton,1941-12-31,2016-04-14
Andree,Letham,1976-04-01,1971-06-14
Fabiano,Pegrum,1986-11-16,1986-04-18
Goraud,Chasteau,1943-03-18,2019-08-14
Ethel,Blade,1954-12-06,2004-05-12
Finn,Jesson,1968-04-23,1999-04-20
Una,Littlejohn,1968-06-06,1978-03-21
Demott,Budge,1946-12-01,1973-08-27
Yurik,Sabate,1957-06-21,2002-12-24
Averyl,Finders,1988-08-04,1999-12-09
Mirelle,Habergham,1986-08-14,1973-03-24
Henderson,Erington,1956-07-27,2001-02-18
Darlene,Spours,1978-11-05,2015-09-07
Allx,Elegood,1954-02-27,2006-01-28
Shelden,Dinneen,1974-09-15,1980-08-03
Tracie,Heephy,1965-08-29,1995-04-13
Barthel,Vignaux,1968-12-07,1997-03-20
Cheston,Loveless,1973-06-18,1974-03-10
Gabriell,Unworth,1955-06-08,2000-04-23
Gawen,Gaffney,1960-06-28,1986-02-13
Grayce,Musterd,1964-11-28,1996-03-07
Anne,Gabitis,1954-04-16,1982-10-04
Casandra,Bottoms,1948-10-01,1997-02-20
Donelle,Lothean,1956-10-11,1991-02-21
Maurine,Gerson,1959-01-27,1994-12-03
Brit,Brumbie,1971-05-20,2018-11-26
Jobi,Frankum,1983-06-30,2016-11-24
Ciel,Agdahl,1969-09-14,1989-01-13
Fanchette,Gilfoyle,1955-03-29,1979-05-03
Renato,Turfitt,1961-12-06,1984-06-15
Zea,Jeffs,1981-02-19,1980-04-20
Charis,Pentelow,1947-07-10,2004-05-22
Effie,Plumbley,1943-05-15,2014-10-10
Taffy,Studdert,1970-02-21,2015-10-31
Ally,Paulazzi,1983-05-03,1972-08-23
Amby,Calver,1969-09-19,1984-11-29
Hastings,Rome,1965-01-24,1984-09-18
Sheffield,Willimont,1962-03-26,1998-11-07
Waylin,Constantine,1971-08-10,2014-09-24
Garnette,Dennett,1979-05-25,1973-08-18
Engelbert,Flemming,1967-07-30,1991-08-20
Mischa,Tapley,1958-06-09,2017-12-14
Elka,Tonkin,1968-11-24,1989-02-28
Thor,Mardoll,1974-01-05,1989-07-22
Wilhelm,Mattecot,1977-06-18,1978-01-26
Elwyn,Laviste,1942-07-23,1973-02-26
Jard,Calabry,1957-12-09,1987-07-30
Loella,Geertje,1968-12-11,1971-01-26
Nat,Piens,1967-06-06,2013-12-21
Mill,Despenser,1943-11-17,2016-08-13
Meggi,Chezier,1957-08-03,2001-11-24
Dore,Coye,1984-06-06,1999-11-14
Wyatan,Panyer,1961-04-12,1989-04-20
Franky,Sambals,1967-05-07,1975-06-09
Janith,Adne,1973-11-03,1982-06-22
Reagen,Fullilove,1990-03-11,1986-07-10
Clarinda,Rasch,1969-01-24,1989-05-27
Pauly,Velti,1951-02-18,1992-01-15
Neda,Capstake,1958-09-07,1982-11-11
Thaddeus,Beran,1987-03-11,2004-09-23
Rockwell,Molden,1985-07-19,2009-12-07
Richart,Ferrieres,1945-11-19,1980-03-11
Sile,Jervois,1961-01-16,1975-08-19
Lyn,Dunstan,1960-04-09,1981-02-18
Ossie,Bowness,1953-06-03,1984-11-12
Leena,Letrange,1982-01-25,2011-06-02
Roxane,Hutt,1972-06-01,2014-04-22
Cordie,Frantzeni,1973-01-13,1990-02-18
Cheston,Cawthry,1971-01-11,1982-01-01
Beverley,Greenall,1957-11-26,2000-03-23
Shermie,Sydes,1986-09-26,2010-01-31
Goldy,Brixey,1966-12-18,2014-04-17
Bee,Mattin,1981-08-28,1981-02-26
Chrystal,Leist,1965-09-08,2018-11-28
Thornton,Crocumbe,1969-06-22,2009-06-14
Katherine,Kilpatrick,1948-02-07,1996-01-31
Beryl,Slayny,1969-11-18,2006-10-31
Ivor,Walters,1949-04-13,1973-08-09
Dino,Kidner,1956-12-20,2007-03-12
Ernesto,Benck,1989-04-09,1985-03-02
Jeno,Farebrother,1943-07-28,1977-06-12
Juliann,Lorain,1957-08-18,1973-02-22
Savina,Dwelling,1951-04-17,1975-04-07
Dorothy,Bragginton,1966-05-31,1982-07-27
Olly,Allibone,1961-06-03,1972-03-02
Hortensia,Korpal,1971-11-20,1997-09-18
Helenelizabeth,Terbrug,1959-04-26,1990-09-03
Donn,Harbach,1944-03-21,2008-01-18
Kalina,Riden,1981-09-18,1991-01-01
Jasmine,Chiene,1962-12-02,1995-02-28
Berkie,Bediss,1971-01-10,2003-12-30
Ninnetta,Greenstead,1981-09-10,1982-02-09
Oliviero,Songest,1965-05-14,1986-05-12
Conway,Phipard-Shears,1986-12-05,1988-11-03
Griffin,Parkins,1962-05-08,2017-05-30
Tani,Necrews,1989-06-19,1992-04-07
Dayle,Dawber,1965-04-06,1974-05-20
Pearce,De Bruin,1980-11-13,2006-04-27
Read,Letterick,1951-08-28,1996-04-19
Griswold,Tupman,1966-03-04,2009-09-24
Adler,Worg,1958-12-04,1981-05-05
Sheri,Woodcraft,1984-07-14,1998-11-12
Sibeal,Keppie,1962-02-13,1975-02-04
Lewie,McComiskie,1941-02-07,1995-06-01
Corine,De-Ville,1986-07-02,2011-04-09
Annamarie,Bow,1976-05-17,2008-05-07
Welby,Guyer,1975-01-01,1997-07-18
Kalila,Mennear,1990-07-31,1983-06-10
Mirabel,Waryk,1942-03-10,1990-07-07
Vanessa,Lomas,1953-02-17,1997-10-16
Brietta,Beake,1956-12-28,1983-05-21
Hamlin,Buzine,1971-03-03,2008-11-04
Ebony,Coonihan,1967-07-28,1988-11-16
Michail,Avrahamian,1970-09-06,2016-03-18
Mace,Humble,1980-11-26,1976-03-23
Iormina,Lasseter,1986-09-01,1971-01-17
Kerry,Edinburgh,1973-06-25,2000-10-26
Lulu,Redhouse,1984-07-15,2015-01-31
Cristionna,Duns,1953-12-15,1990-11-02
Jerald,Giberd,1943-05-01,1977-11-17
Codi,Tibald,1964-09-12,1987-09-27
Colin,Abrahim,1965-07-29,1994-07-02
Merola,Karpets,1944-11-22,2006-04-12
Fabian,Stebbings,1974-02-06,2002-09-16
Janice,Cornilleau,1970-02-22,1999-06-27
Quentin,Norton,1959-02-18,1979-04-11
Jasmine,Micklewright,1982-07-11,1971-01-31
Cherish,Beckingham,1957-04-19,1986-09-25
Rubina,Fetherstonhaugh,1964-06-01,2006-07-16
Kathy,Gerrell,1965-04-23,2012-02-25
Zoe,Thams,1979-08-17,2018-02-20
Decca,Locker,1981-03-26,1979-01-12
Ellsworth,Sackett,1955-04-21,1983-04-15
Shannon,Boriston,1949-08-16,1971-07-01
Mariana,O'Brian,1968-04-01,1974-07-18
Shel,Coupland,1982-11-02,1994-06-08
Gib,Lalley,1963-11-11,1991-04-06
Ki,Caulcutt,1974-05-09,1975-06-15
Kara,Louis,1941-02-22,2014-07-29
Kaiser,Greer,1963-11-19,1979-12-24
Alix,Hendrik,1955-02-03,2004-05-07
Elspeth,Wetherick,1958-12-03,1971-09-09
Andreas,Troke,1958-03-21,1978-02-01
Alvira,Askew,1971-10-08,1987-12-07
Malcolm,Di Giacomettino,1948-12-09,1991-02-11
Dolph,Bolf,1958-05-25,1985-09-17
Atlante,Bello,1987-01-04,1971-01-10
Iona,Brumen,1965-06-03,2015-05-15
Sharla,Rault,1978-09-30,1990-08-11
Dexter,Lanon,1979-08-09,1977-12-20
Abigail,Yetton,1988-09-30,2005-03-22
Cari,Hartropp,1954-02-02,2004-12-07
Enid,Putman,1985-07-29,2008-05-26
Dynah,Stennine,1953-03-26,2016-03-14
Cull,Leaning,1989-02-03,1978-03-27
Vivianne,McGurgan,1973-12-12,2013-07-04
Calli,Dix,1988-05-16,1999-09-28
Sonny,Spadeck,1968-01-19,1996-05-10
Lizzy,Sein,1982-11-17,1976-11-24
Carroll,Norster,1973-03-18,2004-05-23
Burtie,Lightowlers,1944-03-17,2002-01-27
Reine,Gaytor,1981-12-14,2005-01-26
Jerrold,Sodor,1985-07-04,1994-12-03
Rachael,Noble,1958-10-26,2012-05-24
Wayne,Blaxter,1985-09-06,2013-02-19
Miller,Farryann,1950-07-09,2004-04-15
Saunderson,Sturdgess,1990-02-18,1981-06-01
Conrado,Halden,1942-03-26,1984-09-27
Lynsey,Matskiv,1963-04-27,2018-01-31
Massimiliano,Rossant,1970-06-10,1989-12-26
Lawrence,Ewence,1970-02-14,1986-12-20
Gabi,McCrackem,1970-11-02,1990-11-28
Rossie,Jeppensen,1965-02-25,1989-08-09
Saundra,Sorrel,1949-05-28,2011-09-05
Yevette,Lassell,1947-08-28,2019-08-13
Lezlie,Swine,1986-12-12,1975-11-24
Lothaire,Ness,1982-02-13,2009-09-18
Sigismond,Tebbs,1943-02-08,1991-05-17
Dori,Benesevich,1989-12-21,2000-11-05
Madelina,Milillo,1984-05-12,1993-08-29
Stearne,Escolme,1985-04-30,1975-06-05
Rhetta,Havill,1947-07-07,2004-09-16
Janis,Catterill,1967-12-26,2014-02-16
Samuele,Sherebrook,1981-10-19,2013-04-25
Dode,McLuckie,1979-05-27,1974-10-26
Beverlie,Roskruge,1971-08-01,1971-03-03
Sal,Chilles,1963-02-03,1991-10-13
Abbye,Fealty,1952-06-29,1988-11-27
Arne,Maben,1963-09-29,1972-09-01
Jud,Minards,1963-03-21,1985-09-29
Valli,Shenley,1956-08-20,1984-07-23
Clea,Dripp,1946-01-20,2002-12-07
Emelda,Chessil,1956-12-25,1982-11-01
Peirce,Keggin,1962-11-02,1993-02-24
Lev,Iianon,1976-10-31,2012-07-12
Lefty,Allsupp,1962-09-10,1971-03-23
Stephanie,Winkell,1988-02-05,2018-12-07
Giulietta,MacCallion,1985-06-20,1991-08-09
Lib,Hockey,1981-01-01,2002-03-31
Ethelda,Fagge,1973-05-28,1979-01-23
Terry,Keast,1959-02-17,1989-08-05
Carolee,Kattenhorn,1943-12-05,1989-12-27
Bertha,Sidden,1942-11-04,1985-01-19
Alvy,Epton,1971-07-10,1983-07-22
Rolland,Burnham,1979-03-17,1986-09-15
Ave,Turfitt,1980-09-07,1975-06-20
Ricca,Hatherley,1958-03-07,2002-01-19
Bambie,Buske,1966-05-04,1998-12-28
Britney,Newitt,1979-04-03,2018-07-01
Webb,Stivani,1986-07-15,2003-06-14
Franky,O'Hegertie,1943-01-16,1978-05-09
Holden,Nitto,1948-11-22,2001-06-08
Sterne,Sinson,1947-07-22,1980-01-29
Roley,Pittman,1950-12-08,2010-08-30
Ailbert,Domone,1974-08-05,2018-04-02
Natalya,Mabone,1966-09-13,2003-11-14
Dorree,Fordy,1948-09-19,1972-03-03
Abdel,Kassman,1988-01-22,2004-04-29
Roz,Marrian,1963-04-05,2015-05-10
Giulio,Priddey,1965-08-31,2017-10-10
Juliann,Jewel,1969-02-05,2014-02-20
Ferdy,Blore,1946-12-14,1983-02-04
Donia,Sproat,1975-03-17,2002-05-30
Svend,Kelshaw,1955-08-12,1982-02-20
Ermengarde,Boriston,1948-11-15,1982-05-20
Arden,Farlham,1969-11-09,1991-12-26
Glenden,Snoxill,1974-03-25,1983-08-23
Jacki,Euler,1979-02-17,1973-03-19
Katee,Lorenzini,1980-12-31,1974-04-08
Kincaid,Giraudou,1956-04-23,1979-02-09
Priscilla,Dockreay,1958-06-15,2006-03-03
Trudie,Debold,1955-12-17,1991-09-08
Nickey,Rallings,1980-09-28,2008-01-09
Brigham,Milmoe,1989-09-16,1986-12-19
Hersh,Kigelman,1942-04-07,1984-05-16
Frankie,Gibling,1967-04-21,2003-06-27
Lynnet,Lowery,1962-07-30,2001-06-15
Baily,Roobottom,1950-07-21,1995-06-01
Maximilianus,Knightley,1956-08-27,1991-07-20
Lyell,Maltby,1982-05-03,1976-12-17
Wandie,Rown,1947-08-24,1981-07-19
Alma,Loveguard,1958-09-26,1974-09-05
Aurilia,Guirard,1959-09-14,1986-05-29
Tiphani,Theyer,1989-04-24,1993-07-07
Magdalene,Lettley,1954-10-20,1974-06-27
Rob,Colson,1986-02-15,2001-02-17
Kathye,Rainsbury,1982-06-09,2013-08-18
Dynah,Stebles,1970-12-29,1973-02-17
Corbett,Densell,1941-11-25,1997-11-01
Josey,Keer,1962-03-29,1985-11-23
Dagmar,Goldney,1946-01-12,1997-05-01
Solomon,Timlett,1989-09-03,1998-11-02
Tremain,Mateja,1969-10-05,2012-12-25
Ingeborg,Vannet,1957-05-11,2002-05-18
Dotty,Mannix,1978-08-28,1980-09-03
Isidoro,Waby,1963-06-08,1974-11-07
Agathe,Cottu,1967-12-18,2008-07-19
Robby,Ramel,1941-03-09,1978-09-10
Shoshanna,Tennick,1976-04-17,2018-02-17
Raquela,Di Ruggero,1989-06-28,1980-03-03
Osbourne,Spellacey,1964-10-21,1990-05-27
Clemmy,Dionisetto,1962-07-08,2016-01-30
Eadmund,Farthing,1942-07-31,2010-01-06
Katinka,Wortley,1961-07-04,1982-10-27
Shaylah,Genery,1952-02-18,2009-04-27
Thelma,Ternault,1945-06-08,2010-07-16
Michaella,Shird,1963-12-11,1981-07-22
Irita,Doughill,1968-08-02,1971-08-03
Ingaberg,Adey,1969-04-02,1974-10-18
Archibald,Rosettini,1947-09-05,1996-03-17
Otes,Shelmerdine,1970-04-12,1973-12-01
Janina,Ramm,1987-02-26,2009-10-05
Cinderella,Laughren,1953-02-17,1975-08-17
Zacharia,Pache,1965-08-04,1976-04-07
Giselbert,Stears,1967-11-21,2017-09-01
Curt,Douch,1955-11-18,2009-11-12
Gizela,Siene,1976-10-14,2007-06-07
Consolata,MacNamee,1988-04-14,2015-11-25
Janot,Gyde,1990-01-17,1989-04-17
Clevie,Cristea,1951-12-26,2000-04-23
Frasier,Knotte,1951-10-22,2010-09-22
Franklyn,Woosnam,1950-04-09,2013-09-19
Avigdor,Ascough,1947-11-18,2012-04-28
Arlyne,McAndie,1980-08-03,2018-11-22
Garland,Semeradova,1968-10-05,1982-08-29
Mariska,Bertolaccini,1952-10-19,1995-07-15
Malachi,Skedge,1942-05-11,2005-05-31
Ulric,Diem,1952-01-27,2015-12-02
Ruddy,Korneichik,1960-09-05,1992-08-10
Rutledge,Bonnette,1978-04-04,2013-01-21
Aldous,Normanvill,1945-09-25,1992-01-21
Rodi,Sima,1978-10-03,1999-06-07
Neile,Dunning,1954-04-12,2016-11-16
Maritsa,MacKain,1952-06-17,1998-11-03
Levy,Lancastle,1961-11-03,2006-01-06
Lucky,Dimmock,1986-04-09,1988-10-07
Madelin,Edgecombe,1966-12-10,1985-01-24
Clarisse,Ritchie,1968-09-14,2012-12-31
Elyssa,Frowd,1950-10-11,1974-11-21
Templeton,Askell,1967-07-23,2003-05-29
Otto,Somerville,1945-06-04,1998-10-20
Lesley,Fanning,1953-01-20,1997-09-03
Nana,De Pietri,1979-02-24,2014-11-23
Iggy,Kettles,1977-08-23,2001-03-07
Broddy,Guidoni,1946-04-07,2013-01-31
Elysee,Mably,1955-06-14,2013-08-02
Hi,Meikle,1956-08-09,1973-06-28
Porter,Barrus,1969-05-25,1995-12-22
Gwenora,Cornforth,1949-11-30,1991-11-22
Allina,Lyddy,1984-04-02,1981-12-18
Durward,Daly,1944-10-17,2007-05-06
Letizia,Slixby,1979-07-12,1990-09-14
Sidoney,Onthank,1986-05-21,1989-05-17
Jeremie,Prior,1955-08-20,1995-09-23
Dayle,Pickburn,1981-03-30,2008-06-16
Leopold,Alfonsini,1974-05-25,1998-12-27
Kearney,Cohr,1942-01-01,1996-06-14
Lory,Casey,1950-06-06,2019-01-04
Judy,McLarnon,1978-10-31,2008-11-17
Vilma,Sharma,1980-09-14,2016-06-25
Murdoch,Truesdale,1944-12-14,1975-09-03
Bren,MacShirrie,1986-08-24,1990-06-14
Shelly,Jorger,1973-07-01,2008-06-20
Betti,Zorro,1956-09-01,2008-04-30
Norry,Dewan,1946-12-05,1983-02-23
Baudoin,Sucre,1948-07-26,2005-02-04
Rebekah,Spaducci,1968-07-07,2008-02-25
Tessa,Filgate,1987-05-09,2016-03-26
Archibold,Leynton,1985-12-07,1983-02-08
Kerrin,Broszkiewicz,1944-06-16,2015-04-25
Mady,Seeger,1955-06-08,1984-09-21
Heall,Cozzi,1971-03-13,2007-10-17
Natalie,Ville,1990-02-21,2012-05-08
Lesya,Moxson,1984-06-19,1997-02-07
Gottfried,Babonau,1987-12-01,1979-08-06
Art,Coll,1965-05-18,2019-02-09
Vasilis,Mazdon,1988-12-09,1997-08-28
Rosamond,Halloran,1960-04-13,2004-12-31
Carma,Sudddard,1979-12-12,1972-01-24
Corrie,Jerzykiewicz,1964-06-14,2001-09-18
Fabe,Fishwick,1949-08-11,1990-11-05
Helli,Hosten,1989-11-27,1975-03-05
Vergil,Lafayette,1990-10-23,2015-08-17
Vilma,Hutson,1975-09-01,1973-02-14
Lexis,Kinig,1961-06-20,1985-09-19
Aguistin,Easterfield,1981-01-12,1992-05-07
Kassie,Mullineux,1953-12-15,1977-12-04
Corny,Janaszewski,1978-07-19,1987-04-22
Jerrie,Coogan,1976-11-12,2011-03-23
Cordelia,Papes,1979-10-26,1999-08-12
Joseito,McAlpine,1983-02-05,2019-03-03
Corrinne,Bauman,1952-06-16,1980-10-06
Sella,Mc Meekan,1984-09-29,1993-10-21
Rene,Redsell,1976-03-24,1997-04-11
Padgett,MacGruer,1941-06-03,1981-12-26
Sosanna,Fautly,1950-01-03,1993-11-13
George,Henker,1955-08-12,2016-06-21
Rachael,Scaplehorn,1946-05-07,2009-10-05
Brittni,Hickinbottom,1947-04-25,2001-03-25
Darrel,Coverdale,1989-11-14,2005-04-01
Anjela,Dumbare,1966-04-19,1975-05-21
Ailbert,Danilowicz,1972-12-10,1986-06-13
Maud,Gilson,1986-07-30,1974-03-05
Herschel,Watchorn,1977-03-10,1982-05-30
Sinclare,Ashburner,1978-02-21,2014-10-30
Bobbie,Lambswood,1987-07-25,2004-03-14
Seumas,Snodin,1947-11-12,1986-06-23
Hilda,Tallowin,1972-06-25,1999-03-10
Mirabella,Jurca,1954-03-04,2009-12-27
Anett,Slark,1982-02-01,1988-09-28
Clea,Morad,1982-06-05,1994-01-22
Floria,Taffrey,1983-01-08,1978-06-17
Broddy,Cockley,1983-08-30,2010-10-15
Morly,McConnal,1955-01-30,2019-08-08
Thorvald,Werndley,1942-02-26,1996-11-26
Vinny,Engelbrecht,1976-10-09,1982-02-27
Emelia,Birtonshaw,1947-12-10,2013-04-01
Keslie,Boarleyson,1985-07-08,2011-12-11
Velvet,Trodden,1951-05-10,2012-03-04
Maxy,Daskiewicz,1979-03-16,2008-07-10
Robin,Millmoe,1954-10-25,1986-11-30
Randell,Swayton,1949-12-30,2000-03-12
Raffaello,Keneforde,1945-12-19,1972-04-23
Leese,Doni,1960-03-13,2018-07-01
Vito,Seif,1949-10-10,1986-07-07
Meggi,Morphew,1982-04-27,1988-01-03
Emmett,Piggot,1966-01-27,2011-03-15
Florance,Osler,1965-04-11,1983-06-14
Clo,Bosenworth,1990-07-13,1980-07-10
Erasmus,Stanes,1959-05-15,1992-08-01
Cortney,O'Concannon,1960-03-03,2011-03-15
Salvatore,Maier,1972-09-26,2012-10-14
Gar,Mewton,1960-06-17,2019-09-04
Rolfe,Burditt,1972-02-28,2009-09-10
Gene,Braidon,1948-04-04,2013-11-16
Amalita,Armal,1987-06-06,2009-08-16
Roxanna,Kimble,1984-04-24,1992-09-26
Maribelle,Kemmet,1962-01-05,2004-01-30
Duane,Goodfellowe,1947-07-04,1984-01-03
Trixy,Seiffert,1983-11-09,2015-09-06
Charyl,Chittey,1961-12-12,2018-11-15
Evania,McLae,1964-11-18,1987-08-15
Una,Schimke,1979-05-26,2001-02-08
Silva,Reignard,1972-05-31,2004-07-12
Marlowe,Giovannoni,1957-08-07,2016-09-04
Enrichetta,Skirven,1985-10-30,2018-11-05
Dewey,Genese,1942-06-14,1979-06-28
Elbert,Reavell,1976-06-02,2016-05-12
Kori,Steggles,1953-04-27,1972-05-15
Aurora,Liff,1988-03-01,1972-04-21
Bradney,McGiven,1961-07-31,1975-06-24
Palmer,Segeswoeth,1972-01-09,1988-11-21
Hubey,Castagnone,1943-01-01,2000-05-13
Chantal,Woolard,1954-02-10,1981-07-18
Felisha,Netting,1941-01-29,2014-07-05
Clare,Porteous,1984-07-24,1986-04-16
Alexandr,Gomby,1942-08-30,2016-11-20
Ronny,Sollom,1941-01-01,1984-10-31
Janelle,O'Conor,1945-05-30,1971-11-22
Welby,Close,1977-05-03,2006-03-03
Chandler,Poser,1978-08-19,2013-02-01
Netta,Huffadine,1977-11-01,1973-05-21
Eleen,Searston,1955-06-27,2003-03-12
Marina,Wadge,1958-05-06,2009-08-02
Russell,Chaff,1966-07-04,1980-04-27
Gerrie,Muff,1964-04-25,2001-11-22
Reta,Meric,1966-03-08,1974-10-20
Magnum,Duggan,1942-09-30,2014-03-08
Matt,Bellord,1990-06-24,1981-01-22
Arney,Gatsby,1952-09-16,2016-07-05
Olympie,Klaiser,1974-05-18,1986-04-04
Kelli,Schimaschke,1986-02-02,1976-09-22
Danella,Rankling,1946-11-17,2009-12-03
Brose,Hards,1944-12-11,1998-05-26
Kathie,Mellhuish,1949-11-05,2012-04-27
Leonie,Guierre,1949-07-21,1978-11-16
Anselma,Sidary,1979-04-02,2014-06-07
Nonah,Barensky,1986-01-17,2005-07-08
Mathew,Drakeley,1976-03-25,2011-12-10
Alaric,Bulluck,1956-03-23,1988-12-06
Johannes,Brunelleschi,1944-01-05,1982-11-11
Lyman,Gilder,1979-05-30,1980-05-20
Louisa,Maberley,1988-10-31,1997-11-25
Venus,Bangiard,1965-10-29,2003-03-01
Loralee,Findlater,1965-01-22,1972-02-17
Tate,Edgett,1942-02-18,1990-06-06
Wylma,Vassall,1983-09-14,2018-02-24
Sergio,O'Dare,1977-08-10,1975-11-17
Ximenez,Quinney,1985-01-17,1976-05-08
Dynah,Laetham,1983-06-25,1974-08-25
Tressa,Priditt,1958-12-09,1992-09-30
Thekla,Wilford,1953-02-09,2009-02-06
Mellisent,Voelker,1978-06-13,1975-05-28
Maurizio,Blakely,1981-01-24,1974-05-18
Rubetta,Ollive,1952-04-13,1981-03-28
Caz,Cheak,1952-09-03,1972-02-28
Dionisio,Camamill,1943-04-28,1980-05-18
Keslie,Whisby,1987-11-26,2014-08-24
Hayley,Pavyer,1970-04-30,1992-10-20
Gwenora,Osgorby,1975-08-16,1973-12-11
Hubey,Ashment,1987-07-21,1982-02-27
Bea,Litster,1971-05-07,1983-03-25
Joachim,Larmuth,1965-04-06,2012-11-12
Xymenes,Exelby,1951-09-30,1998-04-30
Hamel,Mergue,1960-02-23,1999-06-23
Geno,Eschalette,1966-09-19,2002-10-26
Misty,Inglese,1976-02-07,1981-09-21
Rivy,Dyster,1973-02-11,2002-12-01
Bancroft,Gage,1989-09-28,1990-03-12
Gerrilee,Sodeau,1969-03-12,1986-03-01
Waylan,Strutley,1946-05-10,1977-11-02
Carmencita,Sacco,1947-03-22,1995-05-30
Carly,Shackle,1976-06-01,1989-02-08
Phillie,Noell,1970-04-09,1998-09-27
Courtney,Issit,1970-02-28,2001-02-01
Saxe,Goff,1950-01-27,2003-11-30
Kenon,Ravilious,1984-09-29,2016-11-11
Rich,Robertsen,1969-12-04,1998-12-07
Cathleen,Eyre,1981-05-18,1973-02-01
Nady,Vergine,1972-01-05,1994-01-07
Cyrill,Mellenby,1954-09-22,1975-09-06
Stoddard,Rawcliffe,1957-01-15,2015-07-12
Davide,Crock,1950-11-14,1981-01-30
Gwendolyn,Gaven,1955-03-27,1996-01-25
Baxter,Speariett,1955-12-07,1980-04-26
Melvin,Cowpland,1967-01-16,1997-01-22
Elly,Partrick,1973-04-01,1998-11-27
Hannis,Jacobi,1944-11-03,2000-04-16
Karrah,Hawkins,1982-08-29,2014-05-27
Ardra,Joynes,1961-11-01,1973-04-07
Guthry,Ethersey,1972-11-19,1992-06-21
Sherm,Kirman,1988-02-22,1992-01-03
Lynelle,Dowber,1957-03-15,1989-11-24
Xenos,Abson,1954-12-30,1979-09-24
Arte,O'Cuddie,1966-11-07,1999-02-06
Brendon,Nears,1945-10-16,1998-11-26
Dan,Dekeyser,1970-11-16,2006-05-12
Mariya,Haresnaip,1971-07-18,2016-03-04
Mignon,Blaes,1953-02-20,1996-04-17
Andonis,Giovannardi,1972-07-03,2013-03-23
Bondy,Anderton,1954-04-27,1990-07-29
Bobine,Beranek,1971-06-23,2007-08-14
Bonnie,Mendel,1942-11-05,2011-08-27
Lauri,McNeely,1989-01-16,2019-02-18
Devi,Slocum,1965-12-09,2000-09-05
Octavius,Davidde,1972-04-04,1982-02-18
Eadith,Augur,1985-10-02,1977-03-22
Babette,Oller,1952-07-06,2007-10-16
Wylma,Rosenkranc,1963-11-19,1979-09-21
Cherye,Lemmon,1945-12-18,1998-06-11
Margette,Maynell,1979-06-26,1985-08-17
Jim,Bodill,1961-01-22,2013-05-07
Pippa,Dowderswell,1977-03-24,1977-04-09
Maurine,Derrington,1969-08-13,1996-08-18
Debi,Pitblado,1944-01-08,2019-03-03
Ethelda,Parcall,1981-11-07,2013-12-21
Verene,Clewlow,1957-09-18,1997-01-27
Hart,Clemenzo,1958-08-11,2015-04-11
Natasha,Deaton,1972-01-31,1985-03-20
Tome,Clougher,1986-05-09,1992-04-03
Ailee,Byneth,1955-10-13,2014-09-21
Gale,Presman,1961-11-25,1997-06-22
Gerry,Yosifov,1983-04-01,2000-04-06
Denise,Marron,1982-12-04,2006-10-16
Andria,Hamal,1974-12-26,1976-10-20
Hana,Stearne,1979-09-26,1989-10-07
Odelle,Braganza,1959-12-02,2001-06-16
Esta,Swadling,1956-12-23,1984-02-27
Yurik,Cane,1984-06-27,2018-02-07
Viviyan,Stobbart,1978-11-03,2005-09-28
Sarajane,D'Errico,1956-05-10,1980-04-11
Camey,Worshall,1962-05-24,2008-03-28
Griff,Shankland,1989-04-08,2002-09-22
Arman,Kinghorne,1942-03-25,2017-05-04
Alexina,Stoak,1945-02-12,2003-10-20
Rodrique,Baugh,1972-08-10,1992-09-16
Junina,Rummin,1963-08-01,1973-05-13
Mil,Lawrenson,1984-08-14,1987-06-08
Joel,Ducker,1941-11-02,1990-02-23
Olav,Stote,1979-01-30,1973-09-05
Demetris,Lilleyman,1983-11-25,2001-12-03
Lyn,Eidelman,1985-03-03,1998-07-07
Avigdor,McIlmurray,1978-01-29,2014-07-20
Teddy,Asp,1980-01-14,1977-03-21
Jedediah,Humes,1964-03-17,2003-03-09
Hamlen,Lemmens,1953-10-20,1972-05-04
Ardra,Coslett,1956-12-09,1990-04-02
Lion,Eastam,1964-07-06,1982-02-02
Danya,Beacroft,1947-06-05,1997-07-11
Renee,Laminman,1984-09-05,1974-08-01
Keene,Shaxby,1986-02-22,2018-05-07
Trueman,Harnwell,1953-08-29,1996-09-27
Mack,Leynagh,1979-06-07,1979-03-30
Christian,Mitchener,1985-11-02,1989-09-29
Christan,Sieb,1959-02-25,2011-06-05
Esmaria,Gissing,1988-01-29,1999-12-14
Theressa,Ambrozik,1944-06-12,2003-04-20
Kerri,Danjoie,1971-10-03,1997-02-02
Willey,Pettiward,1948-11-16,2000-06-05
Cazzie,Glendzer,1965-09-28,2007-10-27
Fey,Mellers,1976-07-15,1991-01-24
Cletus,Paur,1951-09-12,1975-03-28
Ileane,Caveau,1953-09-24,1999-01-26
Fleurette,Pool,1960-05-30,1983-10-31
Harri,Genner,1959-02-23,2000-11-07
Garvey,Bunston,1984-11-02,1988-02-10
Corabella,Bool,1984-01-20,1998-04-25
Tina,Musla,1988-09-28,1991-01-11
Derril,Ber,1978-09-25,1989-03-18
Sarette,Brooksby,1957-02-25,1971-10-13
Hendrika,Brunning,1941-11-11,2011-01-09
Ceciley,Maskrey,1988-05-31,2008-08-24
Liesa,Chevalier,1975-08-31,1971-07-02
Eliza,Boncore,1942-06-16,2012-05-19
Chev,Tonbye,1969-01-24,2005-05-29
Gus,Gallelli,1981-07-09,2000-04-16
Penn,Whetland,1987-02-09,1998-02-21
Nesta,Ferrieroi,1969-10-05,1983-06-10
Sabina,Atkins,1972-07-13,1985-08-27
Ario,Awde,1954-09-11,1993-01-01
Robin,Hansana,1951-01-17,2000-01-26
Ardra,Brito,1960-01-03,2016-05-18
Colline,Slucock,1960-06-20,2000-08-04
Robina,Gartin,1942-09-21,2001-10-18
Marshal,Gilbee,1946-12-22,1995-02-19
Jolee,Guyers,1977-07-22,2008-06-15
Erena,Cayton,1952-06-20,1986-04-12
Salim,Verden,1977-11-21,1974-09-28
Wendell,Christauffour,1966-04-26,1999-10-31
Dimitri,Bartleman,1978-01-21,2012-08-12
Mohammed,Vyse,1943-07-23,1999-06-02
Salomone,Nazaret,1963-03-01,2008-11-24
Curt,Djokovic,1977-10-21,1974-03-07
Corry,Rosenstiel,1962-08-03,2011-05-25
Torrie,Dinsdale,1945-11-09,1992-05-17
Valera,Burney,1975-08-01,1997-06-06
Em,Genny,1947-06-13,1992-03-01
Kerry,Paty,1948-01-12,1998-01-12
Henrieta,Medford,1978-10-05,2010-04-15
Omar,Storrar,1959-03-27,1972-10-28
Beniamino,Beyne,1954-01-03,1999-09-03
Nealy,Gegg,1946-02-27,1995-10-23
Mariana,Figliovanni,1963-07-19,1999-06-14
Hamnet,Patient,1965-07-31,2004-08-19
Anders,Bridie,1964-07-02,1977-04-07
Blaire,Droogan,1962-06-06,2018-12-13
Andeee,Burdess,1972-01-04,1973-12-01
Carroll,Catherick,1985-05-23,1972-11-19
Donal,Stailey,1976-01-06,2010-02-23
Anastasie,Ansty,1975-11-07,1993-04-09
Trudi,Simacek,1983-01-14,2017-08-26
Gail,Soles,1977-10-29,1993-03-30
Carce,Hatherall,1989-08-07,1974-02-12
Irwinn,Tattershaw,1947-06-02,1972-10-21
Ab,Tapper,1986-09-18,1974-02-07
Kary,Lettson,1977-10-05,2002-11-17
Norby,Benbough,1984-11-26,2002-04-25
Omero,Riolfi,1941-08-11,1973-07-10
Cordie,Vogl,1955-02-27,1975-05-13
Daisey,Maciejewski,1976-09-29,1989-11-10
Kelcey,Hamal,1952-07-05,2014-09-08
Zachery,Sigge,1971-05-08,2009-05-27
Clerissa,Linham,1959-10-16,1990-08-19
Shannan,Hartell,1976-03-20,2006-08-14
Thorn,Hartas,1949-06-24,1971-02-26
Cecil,Impy,1954-04-20,1994-10-23
Ossie,Loughnan,1974-02-18,1980-01-08
Betty,Bwye,1959-07-13,1994-11-05
Olive,Grant,1953-05-27,1989-10-20
Sherri,Gow,1948-04-02,2008-01-10
Ceil,Latehouse,1982-11-14,2006-12-04
Dolli,MacTurlough,1990-11-02,2003-11-17
Hadrian,Forre,1973-04-03,2012-06-03
Terri,Brashier,1980-03-31,1993-03-25
Janey,O' Faherty,1949-09-06,1985-03-14
Trueman,Gionettitti,1945-12-22,1971-06-23
Nell,Alvy,1975-08-13,1978-02-22
Joela,Turneux,1964-07-27,1995-09-08
Ed,Wennington,1989-09-23,1985-10-21
Alexis,Orwell,1973-11-15,2005-04-14
Collen,Panichelli,1941-02-08,2011-01-21
Latrina,Jelfs,1944-02-15,2003-07-27
Raynor,Artrick,1952-02-20,1983-10-22
Mattheus,Pash,1965-07-08,1995-08-09
Leslie,Garvin,1946-07-15,1992-02-08
Normand,Greenland,1941-05-13,1971-01-10
Erick,Usher,1946-03-20,2008-04-14
Tisha,Baudet,1977-02-17,2013-10-10
Knox,Ling,1964-12-12,1992-04-15
Conrado,Colbran,1959-05-19,2014-10-20
Boone,Jorry,1988-08-05,1990-06-29
Aida,Topham,1941-11-21,2017-07-03
Laurice,Perdue,1941-10-07,1980-05-13
Wynnie,Braunds,1941-07-12,1975-07-10
Gilles,Wreight,1949-10-03,1975-05-02
Ewan,Kalberer,1982-09-01,2017-04-30
Dav,Drinkhill,1987-02-04,1988-02-23
Mallorie,Quenell,1942-02-15,2018-12-13
Idette,Quenell,1947-09-26,1984-09-05
Robena,Gianilli,1985-06-08,2001-04-19
Olwen,Seller,1989-07-23,2009-10-10
Casey,Janak,1960-11-22,2009-03-25
Albertine,Mathieson,1982-08-05,2004-03-18
Portie,McEachern,1984-04-21,2015-04-26
Teddi,Duchart,1969-02-18,1998-04-28
Orsola,Kernocke,1973-09-07,1999-07-28
Hilliary,Hansen,1983-03-04,1980-12-31
Rosalia,Castelletto,1955-02-03,1991-02-21
Valencia,Jelly,1969-12-24,2009-08-29
Dulcia,Eby,1953-04-20,2017-10-26
Otha,Parzis,1952-09-07,2013-09-16
Maxwell,Lau,1952-12-23,1978-11-27
Carita,Gergely,1952-06-09,2001-01-18
Gustie,Floch,1987-03-25,1998-06-22
Ancell,Leguay,1947-08-26,2005-03-17
Janeva,Bountiff,1969-01-24,2010-12-15
Magdalen,Huckerbe,1977-06-11,2015-06-19
Sarina,McTurley,1948-02-05,1999-07-08
Brigit,Juster,1960-08-19,2019-05-19
Boonie,Bende,1987-07-16,1988-12-07
Lucilia,Bohden,1966-06-04,1972-09-06
Tate,Richfield,1949-10-11,1987-09-29
Sherwin,Roj,1952-06-19,1991-10-31
Dierdre,Chirm,1986-06-06,1982-02-28
Gennifer,Koppen,1962-12-22,2008-02-16
Gilemette,Dagleas,1956-08-12,1991-08-27
Appolonia,Marryatt,1947-07-26,2001-10-17
Brett,Stollhofer,1943-01-12,1987-05-25
Damian,Wild,1974-11-23,1984-01-26
Yehudi,Castiblanco,1979-07-23,1973-08-24
Delcine,Dolby,1980-02-18,1976-06-20
Jsandye,Baud,1969-02-28,1972-06-19
Graham,Serot,1979-09-29,2016-08-22
Leonidas,Hayler,1949-12-26,1972-10-06
Ingrim,Scintsbury,1966-04-26,2005-02-24
Joline,Priestley,1981-06-23,1981-07-03
Agnes,Rowbottam,1984-07-19,2017-11-14
Katherina,Tathacott,1989-06-15,1993-08-11
Marlena,Yakovlev,1978-01-21,2000-10-11
Mariya,Konke,1952-05-28,2011-03-30
Gabbi,Stennes,1949-10-10,1986-12-30
Genvieve,Lawton,1974-03-30,1990-03-13
Kirbee,Hold,1982-11-16,2015-02-08
Roxanna,Grene,1950-08-26,1986-03-08
Korney,Alliott,1984-04-22,1990-10-21
Halie,Scattergood,1960-08-18,2007-02-24
Hillary,Bruno,1967-10-06,1977-01-29
Edith,Hanton,1952-01-13,2015-01-12
Charyl,Kither,1944-10-14,1982-05-30
Aloysia,Dooher,1969-05-09,2015-05-15
Christi,Sivior,1964-05-16,1973-07-04
Faber,Balden,1975-07-16,1986-03-01
Whitman,Younger,1989-06-29,1979-10-25
Ingeborg,Prettjohn,1976-09-06,2004-06-29
Florence,Hulse,1958-07-13,1971-02-04
Lorri,Childrens,1958-03-20,2012-02-05
Pace,Stanistrete,1967-02-20,2010-07-29
Callean,Kilsby,1987-08-14,1976-10-11
Andre,Pilgrim,1976-10-25,2001-09-25
Bee,Otley,1956-05-10,1976-10-26
Jerrome,Swanbourne,1964-12-09,1976-05-15
Emelita,Skully,1983-08-24,2000-12-15
Ambur,Emlyn,1951-06-05,1996-03-13
Goldia,Addicott,1986-09-07,1990-05-22
Rhonda,Fernao,1941-09-04,2013-05-12
Corbett,Jonson,1985-10-20,2013-05-13
Ilario,Woolway,1944-10-21,1994-03-08
Bayard,Easey,1955-07-13,2000-12-13
Alisun,Vakhrushev,1973-06-04,1986-07-20
Maxim,Collier,1973-04-19,2000-01-07
Sadella,Saltrese,1958-07-15,1981-10-05
Lissi,Dudleston,1975-02-21,1988-11-27
Shelley,Posten,1953-06-11,2001-03-10
Celinda,Nani,1989-04-13,1995-08-03
Raine,Woodus,1961-03-13,2013-01-03
Cassandry,Frenchum,1948-08-20,1973-05-26
Paxton,Burniston,1981-06-03,1971-12-13
Melita,Altree,1944-03-25,2014-01-11
Ulric,Siebert,1941-04-29,1988-06-23
Tammy,Spraggon,1983-08-20,1986-08-11
Sayres,Murkus,1950-06-08,1998-01-06
Lin,Welfair,1944-03-22,1982-04-28
Mose,Maseres,1979-06-27,2009-02-24
Dominick,Bohea,1958-08-24,2010-05-16
Dolorita,Berrecloth,1952-05-24,1989-07-28
Virgilio,Connelly,1957-01-16,1986-03-17
Ardella,Clarke-Williams,1978-04-12,1980-06-28
Marie,Lindgren,1986-01-30,2016-06-10
Lissie,Callf,1990-09-16,1992-09-14
Werner,Airy,1944-08-06,2011-05-19
Pebrook,Cookes,1941-10-07,2002-09-18
Imogen,Thomerson,1951-07-17,1979-11-17
Barn,Bohills,1966-08-30,1992-08-23
Georgine,Boxell,1989-03-02,1993-12-24
Lydia,Bartczak,1976-09-06,1984-07-17
Lorrin,Furniss,1951-03-29,2014-09-22
Mendel,Titchmarsh,1987-07-09,1979-08-04
Shamus,Savoury,1980-10-31,1974-04-18
Jesse,Pirri,1965-11-01,2014-10-09
Marilin,Danilin,1951-10-20,1994-12-01
Burke,Bouchard,1944-11-02,2012-04-20
Rockey,Macey,1957-06-18,2013-06-06
Tobias,Ashlee,1970-09-01,1993-09-12
Hillery,Redon,1968-08-01,1971-06-16
Elisabeth,Casel,1948-02-16,1993-09-12
Sherye,Wesker,1945-04-09,2005-04-12
Jule,Stormouth,1989-11-11,1996-02-29
Morrie,Lethby,1970-10-10,1994-02-03
Lemuel,Scourge,1971-06-14,2019-08-07
Felicia,Dripp,1948-06-18,1986-08-02
Lynette,Witcher,1944-03-20,1972-06-03
Anny,Dawidowsky,1966-12-14,1971-08-06
Marylynne,Folomin,1970-11-22,1975-07-16
Chloris,Bowman,1975-11-10,2006-10-24
Shaughn,Shurlock,1973-11-12,1984-01-09
Brana,Fergyson,1974-03-24,1979-09-02
Trixie,Thurber,1978-05-02,2012-05-04
Davida,Krout,1977-10-20,1972-03-10
Winifield,Lindgren,1957-08-31,2019-08-14
Leanna,Defew,1978-12-15,1975-01-25
Nickolaus,Sheryn,1972-10-07,1991-07-15
Mason,Magwood,1944-10-16,1971-09-06
Wilhelm,Granville,1987-05-30,1991-07-26
Sheelagh,Wegner,1974-09-23,2015-12-19
Bellina,Ellgood,1968-03-12,2009-01-02
Abagael,Shearn,1951-10-04,1990-08-24
Alric,Emeney,1956-03-19,1971-08-31
Sarene,Nissle,1950-05-10,1986-01-16
Jermain,Schwand,1960-02-09,2015-10-15
Michel,Sedger,1954-03-30,2005-10-20
Conni,Mingotti,1959-01-28,2015-10-26
Almira,Mooreed,1973-01-27,1987-12-16
Kamillah,Lambie,1980-01-02,1989-08-11
Rene,Skillett,1958-07-03,1989-07-14
Abdel,Lys,1972-09-01,1983-02-14
Tabbie,Emms,1957-12-30,1981-06-07
Lib,Jozefczak,1943-07-23,1977-11-12
Abbi,Rubinovitch,1949-01-13,2000-01-21
Montgomery,Barradell,1963-04-14,1989-05-19
Keslie,Click,1968-05-14,1973-04-11
Antonius,Pavett,1968-10-15,1999-04-22
Winonah,Synnot,1990-10-03,1980-01-17
Saudra,Bees,1985-06-18,1986-04-08
Lay,Sprosson,1957-07-23,1988-03-19
Caddric,Micah,1966-02-22,1970-12-31
Lewie,Stapells,1989-02-03,1974-04-20
Matilda,Peaple,1967-04-23,1980-05-14
Blanche,Bainbridge,1950-10-05,1996-09-14
Hermine,Aldcorn,1980-04-02,2009-07-19
Tedi,Cheasman,1966-08-28,2015-06-01
Jodi,Murrow,1943-08-30,1993-12-02
Edin,Fullun,1948-09-23,1990-05-23
Dotty,Frensche,1963-06-11,1998-03-04
Marianna,Pezey,1946-07-29,1997-07-14
Mahmud,Grabb,1953-01-29,1975-02-11
Whitman,Vosse,1958-11-15,1978-11-22
Nelle,Rolph,1978-02-09,1980-02-17
Nance,Orred,1948-12-14,2003-04-17
Catlee,Semon,1972-10-15,2010-08-27
Daniella,Vasyunichev,1966-08-11,1991-02-20
Olivia,Gerran,1959-11-23,1976-08-26
Roderich,Rockliffe,1985-01-06,1989-05-10
Marie-ann,Drinkwater,1951-02-19,1986-01-19
Dorolice,Purveys,1962-02-23,1996-02-10
Ransom,Withnall,1966-02-07,2003-02-18
Boycie,Jiggens,1966-09-22,1992-07-08
Elliot,O'Mullaney,1976-12-31,2016-04-13
Benjamin,Bestall,1987-02-19,2015-07-27
Bryna,Allsworth,1953-04-19,1991-08-07
Gilberta,Digger,1955-10-22,1975-03-12
Caddric,Addekin,1966-02-26,2001-02-21
Teddi,Condliffe,1945-07-11,2005-01-23
Giffard,Bairstow,1986-12-18,1979-02-01
Birch,Stott,1955-11-16,1986-11-02
Kelby,MacDougal,1949-04-05,2012-08-02
Cristina,O'Doherty,1947-05-03,1987-06-19
Muffin,Egar,1982-09-25,2002-07-03
Kipp,Crichmere,1953-05-12,1984-04-26
Evan,Shiril,1941-11-10,1992-06-03
Oswell,Yarrington,1988-08-29,2010-01-20
Salomone,Sharvell,1978-10-08,1986-07-04
Conni,Terese,1967-05-24,1974-06-13
Oliy,Gentsch,1990-02-07,2013-03-15
Berkly,Sebright,1975-08-08,1990-11-14
Tobi,Corris,1947-04-13,1997-10-19
Aharon,Santoro,1961-02-20,1997-01-08
Ashlin,Sommerly,1962-03-17,2002-09-12
Erny,Giorgietto,1986-03-31,2006-10-11
Francyne,Ainsby,1980-06-09,2011-04-15
Elisabetta,Godson,1945-09-06,1990-06-05
Kev,Bondy,1956-02-04,1981-05-23
Albie,Tordiffe,1959-11-28,1984-12-18
Torrin,Redmond,1961-01-08,1993-01-05
Candace,Barnwill,1981-03-06,2005-05-22
Bab,Vinas,1965-06-05,2004-07-14
Tim,Hissie,1969-03-13,2000-06-25
Cosme,Laphorn,1985-01-25,1998-02-19
Michal,Piggford,1965-07-05,2001-10-11
Verla,Currell,1959-10-18,2011-05-07
Adelle,Linstead,1957-06-26,2008-08-14
Dell,Black,1981-06-22,2000-06-20
Maddy,McVanamy,1964-02-25,1996-01-02
Titos,Payton,1974-10-12,1991-09-12
Yelena,Darnody,1968-09-19,1994-01-19
Tudor,Zanitti,1975-04-29,1981-08-30
Clemmy,Hellewell,1944-11-27,1974-02-13
Barbi,Badini,1955-10-11,1974-02-14
Urson,Drinkwater,1979-03-03,1983-02-08
Avis,Portriss,1964-06-21,1971-01-30
Leonie,Danaher,1982-11-25,2012-06-10
Dosi,Pauls,1971-05-09,1980-06-10
Doris,Hanna,1977-08-04,2000-05-13
Base,Ofener,1980-03-16,1985-12-04
Micheline,Djurevic,1964-12-31,1984-03-07
Cherey,Howey,1962-02-07,1973-12-17
Ardath,Janaway,1944-01-01,2004-03-29
Verena,Rivalant,1945-03-17,1990-12-08
Jamima,Mardell,1973-11-20,2012-01-24
Ellerey,Linbohm,1942-04-25,1974-10-05
Goldy,Grishakin,1969-12-12,1981-03-06
Quintina,Myott,1955-03-24,1996-01-14
Gracia,Tonge,1950-05-13,1997-02-05
Bobby,Billany,1961-03-22,1998-06-23
Annetta,Esp,1989-11-24,2014-02-28
Boyce,McIntee,1947-01-21,2013-04-14
Del,Bernardy,1947-05-21,2012-10-08
Bobbette,Biddlecombe,1968-04-26,1972-07-30
Rochester,Gatchel,1963-12-08,1985-11-22
Kyla,Oldall,1967-01-22,1981-05-27
Lorianne,Gumly,1946-01-26,1989-12-18
Ronda,Stanlike,1947-01-31,1980-11-15
Armstrong,MacDermand,1960-09-22,1984-11-23
Ignacio,Highnam,1943-12-23,1983-04-10
Sandye,Altham,1981-05-26,1991-09-14
Austin,O'Scully,1963-02-22,2007-11-07
Jennee,Whittam,1975-04-04,1988-08-22
Porty,Jaxon,1967-12-12,1990-05-26
Jaynell,Allchorn,1947-05-17,1977-10-10
Georgina,Pandey,1976-05-25,2018-09-25
Dominique,Donohue,1979-01-23,2009-03-07
Benedikt,Tortice,1986-12-24,2013-04-30
Ralf,McCourt,1976-05-31,1983-03-31
Letisha,Campkin,1949-10-18,2018-08-30
Melitta,Gooda,1969-06-29,1980-12-09
Torry,Knutsen,1967-06-24,1991-07-17
Libbie,Carletto,1943-05-13,1998-06-23
Evyn,Keig,1989-12-19,2000-10-20
Rey,Spolton,1981-07-14,2002-12-08
Amil,Hoggan,1974-06-15,2012-03-04
Katusha,Boultwood,1981-11-30,2015-07-31
Johny,Kyncl,1977-12-20,2005-09-06
Misha,Yurkiewicz,1984-06-13,1993-07-20
Jackson,Lambdon,1946-03-26,2001-05-15
Albrecht,Yoell,1950-01-12,1985-08-06
Cross,Puddifer,1950-01-07,1983-12-09
Pryce,Renhard,1979-07-27,1989-11-21
Meredithe,Rebeiro,1985-11-29,2006-07-13
Maye,Nangle,1953-09-26,1992-10-14
Pierette,Gallaher,1958-08-23,1997-01-04
Petr,Selwood,1970-04-23,1972-12-25
Gualterio,Bromage,1972-10-09,2015-07-03
Whitney,Matzel,1961-11-21,2010-02-13
Nye,Kivell,1960-12-14,2019-08-09
Benny,Isoldi,1970-07-19,1993-10-28
Dot,Shynn,1978-03-09,2009-07-18
Jandy,Badrick,1990-03-18,1993-04-19
Hillier,McAtamney,1953-09-16,2012-05-29
Edithe,Valsler,1947-01-28,1989-05-18
Violet,Billes,1976-09-05,1973-08-10
Silvio,Greson,1968-02-24,1978-09-25
Jennica,Dullingham,1946-04-25,2018-04-15
Pauly,Yetts,1949-03-06,1980-10-18
Gifford,Culpan,1990-08-03,1971-05-21
Floris,Morling,1957-01-18,1985-08-15
Rutherford,Melarkey,1948-06-05,2007-11-18
Carlita,Kirsopp,1954-05-03,1985-11-07
Carlo,Du Plantier,1987-03-01,2000-01-29
Worth,Lissimore,1943-07-14,2018-03-12
Benji,Jardin,1965-01-13,1980-12-22
Hildy,Judgkins,1989-05-04,2014-10-26
Reider,Staig,1957-06-23,2005-12-03
Margie,Glavias,1966-11-10,2000-06-01
Malva,Gockeler,1989-08-27,1998-09-26
Delora,Casali,1948-01-09,1993-09-26
Franchot,Burgwyn,1966-11-29,2005-02-01
Sandra,Cettell,1983-07-20,2010-04-19
Rinaldo,Readmire,1944-07-05,1982-05-02
Lorrie,Molyneaux,1976-06-06,1978-05-31
Morissa,Barkus,1959-09-02,2009-06-25
Meg,Senett,1950-05-24,1999-03-29
Bryce,Helder,1990-07-12,1987-05-22
Charmain,Wilbud,1946-04-01,1977-12-05
Daune,Hearson,1948-07-13,1990-07-29
Phillie,Bucky,1961-08-06,1997-06-05
Max,Hobell,1943-01-29,2009-06-25
Dody,Morson,1984-10-31,2004-10-31
Haleigh,Stothard,1973-11-15,2013-11-29
Mord,Sambiedge,1979-10-08,1985-12-02
Lani,Petric,1981-07-30,1981-03-01
Antonio,Ollerton,1957-07-27,1993-04-21
Tomaso,Colt,1986-03-17,2001-06-11
Koo,Matushevich,1944-11-16,2019-02-03
Hadleigh,Allsebrook,1968-12-14,1998-01-14
Garnette,Langthorne,1959-08-31,2010-10-14
Zach,Hesey,1958-07-03,1989-12-03
Mureil,Brabbins,1977-05-30,1972-09-30
Morris,Quilliam,1953-11-20,2012-11-04
Sarah,Reiach,1946-11-22,2006-12-26
Burke,Atchly,1955-05-21,1977-03-28
Ambrosi,Eldered,1979-10-30,1980-12-23
Kalli,Castellaccio,1947-10-11,1985-01-17
Quintus,Upjohn,1958-06-20,1986-12-28
Alfy,Qualtro,1974-12-27,1984-10-14
Tabor,Wragge,1979-01-24,1983-12-25
Ulla,Arnaldi,1961-04-09,2012-04-24
Torrence,Spacey,1941-05-12,1995-03-27
Annamaria,Yeldham,1949-04-03,1974-01-19
Israel,St. Pierre,1952-04-25,1971-12-15
Van,Priel,1974-03-20,2017-04-10
Isac,Olensby,1943-03-11,2001-07-24
Damita,Matityahu,1958-03-03,1992-07-06
Imelda,Parminter,1966-07-13,1998-11-09
Melissa,Gooly,1989-12-08,2003-11-23
Benedetta,Mutter,1958-07-13,1993-09-18
Barclay,Outlaw,1962-12-19,2011-06-11
Saundra,Titterell,1961-12-30,2012-07-16
Ollie,Deeth,1952-12-18,2013-12-14
Jackson,Curlis,1950-02-16,1986-05-03
Kip,Brackstone,1958-05-21,2007-01-18
Marti,Giraldez,1955-06-16,2000-07-04
Dory,Androsik,1987-12-10,1997-12-22
Adrienne,Paszek,1963-10-30,2012-02-04
Shaun,Hamblin,1952-01-29,1988-04-20
Reginauld,Matton,1974-12-20,2018-11-16
Arne,Hedin,1956-03-23,1994-03-21
Gaston,Peteri,1956-08-22,1989-04-09
Emlynne,Prenty,1975-09-20,2011-02-09
Sheena,Duggary,1971-06-08,2018-09-27
D'arcy,Lenthall,1955-06-09,1992-05-31
Dulcy,Bust,1941-06-24,1987-02-14
Gill,Rubrow,1969-12-02,1974-05-03
Obed,Beetlestone,1957-10-06,2015-06-23
Neill,Agus,1955-07-27,2009-04-13
Lemuel,Hysom,1953-11-27,2000-10-09
Abra,Dunthorne,1951-03-11,2001-10-04
Andra,Camings,1970-07-17,2018-10-11
Orson,Drissell,1969-09-16,1979-04-24
Paddy,Olliff,1984-11-25,1993-06-24
Gerda,Boij,1986-03-12,1989-03-13
Natassia,Thickins,1953-09-30,2014-10-02
Rinaldo,Claybourne,1980-08-25,2004-08-22
Jaimie,Cullin,1949-04-09,1984-10-30
Noll,Alastair,1985-08-17,2002-04-17
Eyde,Tregale,1954-06-29,1996-12-08
Linda,Bauduccio,1952-07-14,2000-05-08
Doralyn,Cejka,1961-05-22,2011-02-02
Billi,McAloren,1951-09-14,2003-12-31
Austin,Millier,1965-01-04,2017-09-19
Marinna,Kilmary,1978-12-08,2008-11-27
Julissa,Feuell,1961-12-30,1976-04-07
Nickolaus,Mattes,1954-05-26,1992-06-03
Hanan,Hurrion,1964-04-13,1982-05-05
Rollin,McTurley,1947-09-18,2015-10-06
Port,Urlin,1958-12-28,1986-03-30
Barris,Skillern,1955-07-10,1995-11-08
Fara,Marchington,1948-05-28,1991-09-22
Hakeem,Culligan,1948-03-09,1978-02-15
Bogey,Riglesford,1954-04-06,1990-07-16
Terence,Liversage,1982-01-24,1991-08-04
Anselma,Polden,1990-07-08,2009-08-24
Patrice,Maddern,1987-06-04,2000-06-29
Junette,Schimann,1945-05-26,1973-05-30
Tamera,Aries,1962-10-03,1993-03-12
Haley,Cogan,1985-01-29,1984-04-06
Audrye,Brimacombe,1963-01-17,1998-10-01
Tana,Lancett,1948-03-28,1980-04-03
Riobard,Vynoll,1956-10-22,2019-05-27
Pasquale,Fairbourn,1985-02-06,1974-07-02
Rurik,Brachell,1951-12-07,2011-01-25
Ellene,Booth,1960-11-25,2013-12-21
Ketty,McFadden,1989-08-28,1971-05-04
Blinnie,Lewsie,1990-06-28,2012-07-14
Rafi,Matteacci,1976-07-03,2018-08-12
Humfrey,Lux,1957-05-02,1985-10-29
Pryce,Cogley,1947-10-17,1988-09-05
Pebrook,Wombwell,1969-12-30,2013-11-01
Sunny,Jeeks,1967-12-17,1972-08-12
Marlyn,Thurbon,1987-03-11,2009-02-01
Deanna,Caret,1942-02-22,1975-10-22
Ricardo,Upton,1980-01-24,1986-03-04
Kalie,Blakeway,1949-04-05,2019-05-11
Rebeka,Halligan,1945-11-07,1998-12-22
Zonda,Chittenden,1979-01-27,2015-03-19
Quinta,Bateup,1984-02-06,1992-10-22
Donica,Attreed,1947-05-26,2016-09-13
Consalve,Murtagh,1958-12-13,2003-03-04
Diarmid,Glennard,1981-05-19,2019-10-21
Adelaida,Muccino,1945-11-02,2003-05-25
Aaren,Babon,1975-04-28,2011-11-02
Camila,Forster,1967-10-07,1995-09-21
Bentlee,Sandercroft,1964-08-14,2001-09-11
Emogene,Mathwin,1978-08-12,1982-05-11
Felicio,Iapico,1965-08-21,1981-01-15
Wilhelmina,Curry,1982-06-04,1973-10-02
Orelie,Stollenbeck,1966-01-12,2001-05-27
Brigham,Arrow,1974-08-15,1999-02-12
Louis,Ardern,1952-04-01,2005-04-01
Cleo,McIlhagga,1954-03-19,1978-02-18
Lizabeth,Folliott,1956-06-19,2014-07-19
Fraze,Tedman,1972-07-03,1991-03-17
Burke,Phizakarley,1956-02-14,1979-07-17
Merrili,Escala,1968-09-20,1992-03-11
Hadria,Bayfield,1958-04-27,1991-07-13
Beilul,Annear,1959-10-11,2000-05-03
Eartha,McCuis,1972-10-13,1976-10-15
Jamill,Debrett,1973-12-31,1994-05-06
Cassie,Cleevely,1972-01-31,1995-09-19
Boothe,Whimp,1941-11-14,2008-06-17
Angie,Connichie,1987-06-20,2003-12-31
Doyle,Vanin,1968-12-03,1999-03-15
Sybille,Halpen,1975-03-25,1977-02-28
Johan,Fucher,1979-12-13,2014-01-11
Dory,Downham,1978-10-26,2017-08-13
Lorna,Summergill,1965-10-16,1998-09-25
Gaylord,Maudlen,1988-11-21,1998-10-13
Dulcy,Burgis,1952-07-20,1985-09-27
Willetta,Nutt,1943-01-04,1986-04-30
Barn,Rait,1978-02-15,2015-10-18
Bell,Manzell,1962-10-02,1975-02-09
Jade,Canfield,1972-09-20,1980-04-29
Dwain,Didball,1966-05-13,1973-02-19
Vilhelmina,Mulvaney,1972-03-13,1997-08-08
Fabian,Madigan,1978-08-12,2001-09-17
Alie,Rabson,1987-12-16,1994-01-01
Cleon,Mizzi,1951-06-28,2000-07-29
Drake,Dorsett,1952-06-30,2018-02-07
Courtnay,Tredwell,1941-03-16,1972-06-08
Libbie,Mugford,1974-12-10,1990-05-04
Humphrey,Pippin,1967-02-09,2013-10-10
Grier,Vlasenkov,1941-04-20,2007-01-11
Jobye,Earley,1977-03-09,1974-05-05
Emmott,Kirkebye,1962-12-12,1972-06-22
Caleb,Robak,1957-04-12,1978-03-12
Katey,Giacomoni,1953-06-30,1981-05-29
Barth,Fransemai,1953-09-28,2011-09-02
Lilian,Strute,1986-09-13,1980-09-09
Gael,Stoves,1973-08-25,2018-02-24
Law,Kalker,1949-10-29,2001-10-20
Daisey,Sijmons,1979-07-24,2004-03-01
Zackariah,Monni,1979-10-16,1975-05-25
Mira,Glen,1974-09-14,2011-10-29
Halette,Deyenhardt,1980-01-08,2013-10-23
Antonino,Cankett,1946-01-10,1972-12-04
Jerry,MacCorkell,1946-04-28,2000-03-23
Edin,Bernocchi,1984-09-30,1977-08-20
Karna,Farren,1985-09-28,1973-04-30
Lem,Jessope,1953-08-23,1974-08-24
Modesta,Blair,1960-01-07,2012-11-28
Bordy,Farthin,1976-10-19,1981-01-12
Sofia,Stoak,1987-02-15,2018-09-15
Mart,Jeffcoat,1947-07-08,1979-08-11
Audrie,Rabl,1954-02-25,2016-06-30
Jake,Hursey,1957-12-26,2013-01-28
Melany,Pinniger,1984-11-05,1984-04-05
Birch,Sherlaw,1941-11-21,1994-08-21
Lory,Core,1983-12-21,1976-12-24
Cordula,Duffy,1977-11-07,1977-06-06
Mort,Vasiljevic,1988-05-20,1978-03-13
Michell,Aaron,1976-10-11,2012-10-30
Anni,Beavington,1949-02-14,1983-08-02
Harris,Dare,1989-04-23,2008-02-15
Nonah,Boxell,1957-08-27,2004-12-02
Nerta,Norster,1947-11-26,2014-05-27
Emmi,Mannagh,1943-02-07,1972-02-17
Phaedra,Fassam,1955-01-24,1977-09-20
Harriet,Doree,1986-10-18,2005-06-23
Jordan,Burdekin,1981-12-27,1982-04-27
Layney,Bickerdicke,1956-06-05,1985-02-19
Diannne,Ragot,1967-07-24,1995-07-21
Lanita,Donoghue,1977-04-11,2005-10-09
Amara,Cultcheth,1951-11-15,1989-05-15
Bonnie,Stiddard,1963-07-03,1974-10-11
Reeta,Adderley,1965-02-22,1978-09-19
Sheelagh,Children,1984-02-29,1995-12-04
Olin,Causey,1951-12-09,1980-12-21
Bunny,MacAllen,1958-09-30,1996-04-10
Rocky,Hallwell,1959-12-10,2013-06-04
Margarette,Whittock,1953-05-16,1973-02-13
Milicent,Rolph,1982-12-30,2008-01-14
Liva,Giacomini,1964-01-25,1979-11-21
Alecia,Scuffham,1963-04-29,1977-01-27
Euphemia,Orto,1956-09-05,2010-10-16
Lula,Leverington,1983-03-08,2019-06-01
Maxwell,Stoffer,1980-12-02,1979-04-22
Greer,Savary,1975-12-15,1998-05-12
Danny,Almon,1955-12-17,2006-04-20
Leanor,Cholton,1948-02-29,1971-06-29
Brit,Penkethman,1977-04-12,2016-01-23
Catlaina,Pidwell,1986-11-03,2010-05-16
Tina,Rolfini,1955-10-25,2006-02-11
Pollyanna,Dimitrijevic,1989-03-23,1975-01-26
Torey,Strangeways,1985-11-27,1974-01-01
Chucho,McCambrois,1983-09-28,2008-11-01
Salaidh,Arton,1956-03-05,1988-12-20
Sara,Allibone,1964-07-30,2004-09-23
Frank,Grimsdith,1973-06-19,2004-11-11
Maximilien,McCafferky,1954-04-30,2015-07-21
Gina,Boulstridge,1952-07-14,2011-02-24
Candice,Polo,1988-05-28,1978-03-06
Moreen,Hamlet,1942-02-01,2005-01-11
Francine,Giroldo,1943-05-17,1984-10-26
Jory,Shorthouse,1940-11-15,2005-10-14
Gennifer,Meaking,1946-06-13,1992-08-06
Kerrin,Davitt,1942-11-10,1984-06-03
Kurtis,Pidler,1948-07-26,2019-08-10
Winny,Petrelli,1948-06-15,1997-04-18
Kellsie,Bazeley,1951-11-01,1998-11-12
Whitney,BURWIN,1983-09-06,2012-05-02
Jilly,Dearle-Palser,1984-01-03,1979-01-11
Paolina,Weiser,1963-10-01,1985-02-01
Wallache,Scardefield,1980-01-11,2018-04-09
Hilly,Woodrow,1941-05-27,2000-06-02
Patton,Vice,1974-08-20,2015-06-28
Miquela,Chedgey,1964-01-07,1972-08-03
Merwyn,Stegel,1965-01-30,2000-03-25
Marla,Strongitharm,1952-12-05,2004-01-18
Craig,Orkney,1972-03-29,1973-07-13
Hugh,Rolfini,1982-01-24,1983-12-08
Asher,Eames,1960-12-02,2009-03-20
Porty,Ewington,1974-11-16,2000-07-16
Dolly,Yanyushkin,1989-02-14,1986-03-20
Giffer,Pendlington,1973-05-24,2010-02-13
Andria,Baggs,1941-05-30,1986-07-17
Rochette,Maletratt,1981-09-24,2015-08-23
Nealy,Winterbotham,1958-03-30,1998-06-12
Griffy,Spensly,1974-08-19,1983-04-09
Porty,Esmead,1957-02-04,1998-09-08
Sonny,Cettell,1975-05-23,1975-10-05
Beatrix,Benardette,1974-11-13,1974-12-02
Andrei,Woolfitt,1990-01-24,2001-12-05
Aubrette,Overy,1944-09-04,1972-07-30
Dre,Walesa,1947-08-13,2001-07-07
Micah,Stoll,1976-01-25,1990-08-01
Georg,Dows,1982-11-10,1974-09-13
Angelina,Buffey,1977-12-12,1974-07-31
Esma,Glassborow,1988-11-23,2008-11-19
Irita,Whittaker,1956-01-20,2003-07-04
Valry,McDermid,1953-03-03,2005-09-01
Britta,Poskitt,1980-02-09,1983-09-30
Ame,Cockayne,1968-01-27,1980-07-07
Saleem,Becks,1957-04-18,2018-03-19
Juliane,O' Donohoe,1970-10-19,2003-04-25
Idalina,Tofano,1952-02-04,1983-07-27
Pauline,Baseke,1971-12-09,2009-01-30
Galven,Spackman,1989-02-08,1989-05-14
Anna-maria,Card,1963-11-10,2013-06-05
Chad,Iverson,1958-05-23,1973-09-18
Dianne,Featenby,1980-03-29,1974-01-21
Eolanda,Jann,1950-12-16,1978-12-28
Nicol,Pittam,1946-01-13,2005-05-07
Lesya,Learoid,1964-07-02,1991-01-31
Halimeda,Pressman,1966-08-22,1988-04-03
Sawyer,Imlacke,1968-11-30,1988-12-27
Violet,Cosgrave,1975-05-06,2006-05-01
Michaelina,Perrie,1972-03-08,2016-03-24
Darline,Josefs,1964-02-12,1991-11-21
Tybi,Quiney,1962-02-09,2000-07-14
Godard,Schimpke,1965-02-01,1992-11-07
Kym,Merioth,1988-09-11,2015-11-18
Renate,Birkett,1957-07-08,1992-12-14
Lewes,Presnail,1988-01-14,1979-03-16
Kennan,Fowkes,1970-03-28,1983-09-24
Karita,Rands,1987-05-05,2007-08-09
Inglebert,Settle,1981-11-23,2006-07-02
Christean,Mish,1942-07-18,2015-03-03
Kiri,Ivanishchev,1972-10-22,2012-02-22
Nelle,Sterke,1944-11-12,1977-06-25
Hilde,Itzcovichch,1960-06-16,1993-05-16
Roddy,Seywood,1987-11-06,2015-12-09
Bettye,Kernes,1952-12-15,2008-06-23
Celle,Shurlock,1958-06-28,2018-03-13
Fairfax,Kaesmans,1944-08-10,2003-03-15
Zebadiah,Whitmore,1943-12-05,1991-03-17
Martha,Czyz,1971-12-15,2006-08-19
Orelia,Storre,1946-10-01,1972-04-10
Marley,Eager,1990-06-07,1971-05-06
Cam,Simmonds,1973-08-05,2019-03-19
Tiler,Ponder,1978-08-24,2017-01-12
Jessalin,Brilon,1968-11-27,2005-11-20
Angelico,La Grange,1941-11-07,2000-03-06
Rriocard,Papaccio,1948-01-25,2006-05-30
Tonnie,Bebb,1949-09-16,1979-12-15
Basile,Brindle,1970-10-07,1995-08-17
Em,Bottrill,1970-08-30,2008-06-14
Mufinella,Yitshak,1987-02-14,1996-10-09
Tracy,Rennolds,1966-08-06,1981-10-20
Florence,Paradin,1950-05-29,2009-06-15
Rodrique,Edgley,1943-03-21,1980-01-29
Abbot,Rembaud,1944-05-20,2018-06-20
Bettina,Cristea,1967-10-04,2000-09-29
Chaddie,Langan,1948-08-09,1980-01-20
Desmond,Geharke,1975-10-10,1978-10-24
Philippe,Huetson,1980-05-18,1981-03-14
Gaston,Pelling,1985-01-14,1973-03-22
Germaine,Lundy,1975-09-07,1982-03-17
Christen,Vanns,1970-06-21,2003-07-30
Tammie,Valentinuzzi,1979-09-17,2018-01-03
Fern,Sherreard,1986-06-11,2008-03-07
Jard,Lardnar,1983-05-20,2019-05-18
Shelley,Pyffe,1985-02-14,1972-01-06
Inessa,Roland,1980-08-28,1978-07-01
Lexine,Allabush,1953-02-17,1974-07-22
Kimberli,Loyley,1986-06-06,2000-02-10
Bidget,Lumbly,1953-07-20,2019-10-30
Gusty,Yorath,1963-04-22,1980-06-29
Gustavo,Santon,1964-01-17,2014-07-27
Sheryl,Le Breton,1947-09-20,1978-10-22
Olag,Kipping,1957-05-07,2005-02-28
Howard,Heinsh,1941-03-21,1971-01-07
Mayor,Pachmann,1956-06-17,2016-08-05
Jayme,MacCleay,1983-10-01,1990-08-18
Zea,Dubery,1966-08-07,1978-02-08
Juline,Abrehart,1987-12-23,2016-11-25
Thadeus,Tallent,1985-03-04,1978-11-16
Kristel,Timoney,1980-05-02,2002-11-22
Aggie,Corkitt,1983-07-12,1987-05-28
Irvin,McIlvaney,1945-03-27,2015-03-15
Flor,Mallall,1957-04-13,1998-06-28
Brittne,Pedel,1949-07-12,1999-12-29
Janine,Gudgin,1953-03-25,1994-01-30
Sosanna,Allawy,1978-02-28,2017-08-08
Orelee,Shaves,1972-01-12,1999-03-12
